ID,Case Name,Case Number,Country of Prosecution,Court,Date,Year,Country of Commission,Crimes Charged,Jurisdictional Basis,Jurisdiction Type,Outcome,Outcome Type,Corporate Defendant,Original Language,Specialized Unit,Summary,Key Legal Findings,Decision Link,NGOs,Victims Organizations,Legal Representatives,TRIAL International,UJAR,CFJ Tool,Amnesty,Judicial Decisions Count,Additional Sources
anwar-raslan,Anwar Raslan,3 StE 2/21,Germany,Higher Regional Court of Koblenz,2022-01-13,2022,Syria,Crimes against humanity; Murder; Torture; Sexual violence,Universal jurisdiction,criminal,Life imprisonment,conviction,No,German,ZBKV (Central Office for Combating War Crimes),"Anwar Raslan, a former colonel in the Syrian intelligence services, was convicted of crimes against humanity including murder of 27 persons, torture of at least 4,000 detainees, sexual assault, and deprivation of liberty. The trial, which began in April 2020, was the world's first criminal trial addressing state-sponsored torture by the Assad regime. The court found that Raslan supervised Branch 251 of the General Intelligence Directorate in Damascus between April 2011 and September 2012, where systematic torture and killings occurred. The judgment was a landmark in international criminal justice, demonstrating the potential of universal jurisdiction to address atrocities where territorial courts cannot act. Witness testimony from survivors was central to the prosecution's case. The verdict was upheld on appeal by the Federal Court of Justice in 2023.",Crimes against humanity — widespread and systematic attack | Command responsibility | Immunity not applicable | Victims' participation rights,https://olgko.justiz.rlp.de/service/pressemitteilungen/detail/oberlandesgericht-koblenz-lebenslangehaft-im-staatsfolter-prozess,ECCHR (https://www.ecchr.eu); Syrian Archive (https://syrianarchive.org); FIDH (https://www.fidh.org),Caesar Files Group; Syrian Center for Media and Freedom of Expression,,https://trialinternational.org/latest-post/anwar-raslan/,https://trialinternational.org/resources/ujar/,,,3,"SJAC Trial Monitoring: https://syriaaccountability.org/trial-monitoring/ | SJAC Trial Report #58 — Raslan verdict in detail: https://syriaaccountability.org/updates/2022/01/13/trial-report-58/ | ECCHR — Anwar R. Case: https://www.ecchr.eu/en/case/anwar-r/ | ECCHR/HRW Koblenz Compendium (indictments, testimonies, verdicts): https://www.ecchr.eu/en/case/anwar-r/#compendium | Library of Congress — BGH 2024 ruling analysis: https://www.loc.gov/item/global-legal-monitor/2024-09-15/germany-federal-court-of-justice-upholds-conviction-of-former-syrian-intelligence-officer/ | IIIM EN/AR translations — Al-Gharib judgment: https://www.legal-tools.org/doc/x8bfc2/ | Amnesty France — Compétence universelle: https://competenceuniverselle.amnesty.fr/ | UJAR 2025: https://trialinternational.org/universal-jurisdiction-tools/universal-jurisdiction-annual-review-ujar/ | TRIAL UJIM: https://trialinternational.org/resources/universal-jurisdiction-tools/ | Eurojust — Core International Crimes Database: https://www.eurojust.europa.eu/national-jurisprudence-database-core-international-crimes | Justice Beyond Borders (CFJ): https://justicebeyondborders.org | ICC Legal Tools Database — Koblenz decisions: https://www.legal-tools.org | ICD — International Crimes Database: https://www.internationalcrimesdatabase.org"
kunti-kamara,Kunti Kamara,21/0006,France,Paris Assize Court,2022-11-02,2022,Liberia,Complicity in crimes against humanity; Torture; Acts of barbarism,Universal jurisdiction,criminal,Life imprisonment,conviction,No,French,,"Kunti Kamara, a former ULIMO faction commander during the first Liberian civil war, was found guilty of complicity in crimes against humanity including torture, acts of barbarism, and forced labor committed in Lofa County, Liberia, in 1993–1994. This was the first trial in France addressing crimes committed during the Liberian civil wars. The prosecution relied heavily on witness testimony from Liberian victims and community members. Civitas Maxima and the Global Justice and Research Project played a central role in the investigation and victim support. The trial highlighted the importance of universal jurisdiction in addressing impunity for crimes committed in conflict zones where domestic accountability mechanisms remain absent.",Crimes against humanity — widespread and systematic | Complicity liability | Witness protection measures,https://www.courdecassation.fr,Civitas Maxima (https://www.civitas-maxima.org); FIDH (https://www.fidh.org),Global Justice and Research Project,,https://trialinternational.org/latest-post/kunti-kamara/,https://trialinternational.org/resources/ujar/,,,2,Civitas Maxima — Kamara Case: https://civitas-maxima.org/cases/ | UJAR 2025: https://trialinternational.org/universal-jurisdiction-tools/universal-jurisdiction-annual-review-ujar/ | Amnesty France — Compétence universelle: https://competenceuniverselle.amnesty.fr/ | TRIAL UJIM: https://trialinternational.org/resources/universal-jurisdiction-tools/ | Justice Beyond Borders (CFJ): https://justicebeyondborders.org
hissene-habre,Hissène Habré,EAC/2016,Senegal,Extraordinary African Chambers,2016-05-30,2016,Chad,Crimes against humanity; War crimes; Torture; Sexual violence,Universal jurisdiction,criminal,Life imprisonment,conviction,No,French,,"Former Chadian president Hissène Habré was convicted by the Extraordinary African Chambers in Dakar of crimes against humanity, war crimes, and torture committed during his rule from 1982 to 1990. An estimated 40,000 people were killed under his regime. The trial was historic as the first time a former head of state was tried by an African court for human rights crimes. The case was the result of a decades-long campaign by victims and human rights organizations, particularly Human Rights Watch and the Association of Victims of Crimes of the Habré Regime (AVCRHH). The conviction was upheld on appeal in 2017. The case established important precedent regarding head-of-state immunity and the obligation to prosecute or extradite under the Convention Against Torture.",Head-of-state immunity — no bar to prosecution | Aut dedere aut judicare | Sexual violence as crime against humanity | Victims' reparations,https://www.chambresafricaines.org,Human Rights Watch (https://www.hrw.org); FIDH (https://www.fidh.org); CJA (https://cja.org),AVCRHH — Association of Victims of Crimes of the Habré Regime,,https://trialinternational.org/latest-post/hissene-habre/,,,,9,UJAR 2025: https://trialinternational.org/universal-jurisdiction-tools/universal-jurisdiction-annual-review-ujar/ | TRIAL UJIM: https://trialinternational.org/resources/universal-jurisdiction-tools/ | HRW — Habré Case: https://www.hrw.org/tag/hissene-habre | Justice Beyond Borders (CFJ): https://justicebeyondborders.org
lafarge-syria,Lafarge S.A.,19-87.367,France,Paris Judicial Court (Investigating judges),2024-05-15,2024,Syria,Complicity in crimes against humanity; Financing of terrorism; Endangering lives,Active personality,criminal,Ongoing (trial scheduled),ongoing,Yes,French,OCLCH (Office central de lutte contre les crimes contre l'humanité),"French multinational cement company Lafarge (now part of Holcim) was indicted for complicity in crimes against humanity for its operations in northern Syria between 2012 and 2014. The company allegedly paid millions of euros to armed groups, including ISIS, to keep its Jalabiya cement plant operational during the Syrian conflict. In 2019, the Court of Cassation confirmed that a corporation can be charged with complicity in crimes against humanity under French law — a groundbreaking decision. Several former Lafarge executives have also been indicted. The case is the first time a major multinational corporation faces charges of complicity in crimes against humanity, setting a historic precedent for corporate accountability in conflict zones.",Corporate criminal liability for international crimes | Complicity through financial support | Crimes against humanity — corporate context,https://www.courdecassation.fr,ECCHR (https://www.ecchr.eu); Sherpa (https://www.asso-sherpa.org),Syrian former employees,,,,,,0,ECCHR — Lafarge Case: https://www.ecchr.eu/en/case/lafarge-in-syria/ | SJAC — Corporate Accountability: https://syriaaccountability.org/ | UJAR 2025: https://trialinternational.org/universal-jurisdiction-tools/universal-jurisdiction-annual-review-ujar/ | Amnesty France — Compétence universelle: https://competenceuniverselle.amnesty.fr/ | Sherpa — Lafarge Dossier: https://www.asso-sherpa.org/lafarge
rwanda-simbikangwa,Pascal Simbikangwa,14/0085,France,Paris Assize Court,2014-03-14,2014,Rwanda,Complicity in genocide; Complicity in crimes against humanity,Universal jurisdiction,criminal,25 years imprisonment,conviction,No,French,OCLCH,"Pascal Simbikangwa, a former Rwandan intelligence chief, became the first person convicted in France for involvement in the 1994 Rwandan genocide. He was found guilty of complicity in genocide and crimes against humanity for his role in arming and directing Interahamwe militias during the genocide. The trial was a milestone for France's universal jurisdiction framework and highlighted the role of the OCLCH (Office central de lutte contre les crimes contre l'humanité). His sentence was increased to 25 years on appeal. The case opened the door for subsequent trials in France related to the Rwandan genocide, including those of Octavien Ngenzi and Tito Barahira.",Complicity in genocide | Universal jurisdiction application in France | Witness testimony from Rwanda,https://www.legifrance.gouv.fr/juri/id/JURITEXT000034902360,FIDH (https://www.fidh.org); Ibuka (https://ibuka.fr),Ibuka; CPCR (Collectif des parties civiles pour le Rwanda),,https://trialinternational.org/latest-post/pascal-simbikangwa/,https://trialinternational.org/resources/ujar/,,,4,"CPCR — Collectif des parties civiles pour le Rwanda (chroniques d audience, arrêts, lettres de motivation): https://www.collectifpartiescivilesrwanda.fr/proces/ | UJAR 2025: https://trialinternational.org/universal-jurisdiction-tools/universal-jurisdiction-annual-review-ujar/ | Amnesty France — Compétence universelle: https://competenceuniverselle.amnesty.fr/ | TRIAL UJIM: https://trialinternational.org/resources/universal-jurisdiction-tools/ | Eurojust — Core International Crimes Database: https://www.eurojust.europa.eu/national-jurisprudence-database-core-international-crimes"
dutch-mh17,MH17 Trial (Girkin et al.),09/748003-19,Netherlands,The Hague District Court,2022-11-17,2022,Ukraine,Murder (298 counts); Causing the crash of flight MH17,Passive personality / Universal jurisdiction,criminal,"Life imprisonment (3 defendants, in absentia); 1 acquitted",conviction,No,Dutch,,"The MH17 trial concerned the downing of Malaysia Airlines Flight 17 over eastern Ukraine on July 17, 2014, killing all 298 people on board. Three defendants — Igor Girkin, Sergei Dubinsky, and Leonid Kharchenko — were convicted in absentia of murder and sentenced to life imprisonment. A fourth defendant, Oleg Pulatov, was acquitted. The court found that a Buk missile system was transported from Russia to eastern Ukraine and used to shoot down the passenger aircraft. The case was prosecuted under Dutch law as 196 of the 298 victims were Dutch nationals. The trial demonstrated the application of passive personality jurisdiction for mass atrocities.",Passive personality jurisdiction | In absentia trial | State responsibility implications | Evidence from conflict zones,https://www.rechtspraak.nl,,MH17 Foundation,,,,,,0,
sweden-iran-hamid-noury,Hamid Noury,B 15125555-19,Sweden,Stockholm District Court,2022-07-14,2022,Iran,Murder; Crimes against international law (grave breaches),Universal jurisdiction,criminal,Life imprisonment,conviction,No,Swedish,,"Hamid Noury, a former Iranian prison official, was convicted by the Stockholm District Court for his involvement in the mass execution of political prisoners in Iran in 1988. The trial was groundbreaking as the first international prosecution related to the 1988 prison massacres. Noury was arrested at Stockholm Arlanda Airport in November 2019 based on an arrest warrant. The court found that Noury actively participated in the executions at Gohardasht prison. The conviction was upheld on appe by the Svea Court of Appeal (19 December 2023) and the Supreme Court refused leave to appeal (6 March 2024). Noury was released via a prisoner swap with Iran in June 2024 before serving his sentenceal. The case was a landmark in accountability for the 1988 massacres, which Amnesty International has described as crimes against humanity, and demonstrated the reach of universal jurisdiction even decades after events. In June 2024, after the Supreme Court refused leave to appeal, Noury was released and returned to Iran in a prisoner exchange between Sweden and Iran.",Universal jurisdiction — temporal reach | Crimes against international law | Prescription not applicable | Extraterritorial arrest,https://www.domstol.se,Iran Human Rights (https://iranhr.net); Justice for Iran (https://justice4iran.org); Legal Action Worldwide (https://www.legalactionworldwide.org),Families of 1988 massacre victims,,https://trialinternational.org/latest-post/hamid-noury/,https://trialinternational.org/resources/ujar/,,,3,UJAR 2025: https://trialinternational.org/universal-jurisdiction-tools/universal-jurisdiction-annual-review-ujar/ | Atlantic Council — Far Reach of Justice: https://www.atlanticcouncil.org/in-depth-research-reports/report/how-to-hold-the-islamic-republic-of-iran-accountable-in-european-courts/ | TRIAL UJIM: https://trialinternational.org/resources/universal-jurisdiction-tools/ | Justice Beyond Borders (CFJ): https://justicebeyondborders.org
argentina-franco-era,Franco-era crimes (Querella Argentina),4591/2010,Argentina,"Federal Criminal Court No. 1, Buenos Aires",2010-04-14,2010,Spain,Crimes against humanity; Genocide; Torture; Enforced disappearance,Universal jurisdiction,criminal,Ongoing (investigation phase),ongoing,No,Spanish,,"The 'Querella Argentina' is a universal jurisdiction case opened in Argentina investigating crimes against humanity committed during the Spanish Civil War and Franco dictatorship (1936–1975). The case was filed by victims' associations after Spanish courts closed similar investigations. Argentine Judge María Servini de Cubría issued international arrest warrants for former Francoist officials. The case illustrates the reciprocal use of universal jurisdiction — Argentina applying the same principles that Spain's Judge Garzón had used in the Pinochet case. While extradition requests have been refused by Spain, the investigation continues and has helped document and acknowledge the suffering of victims of the Franco regime.",Universal jurisdiction reciprocity | Crimes against humanity — temporal scope | Enforced disappearance as continuing crime,,CEAQUA (https://www.ceaqua.org),Asociación para la Recuperación de la Memoria Histórica,,,,,,0,
palestine-uk-uj-complaint,UJ Complaints — Palestine (Various European States),Multiple,"Multiple (Germany, Netherlands, Belgium, UK, Sweden)",Various national courts,2024-01-15,2024,Palestine (Gaza),War crimes; Crimes against humanity; Genocide; Starvation as method of warfare,Universal jurisdiction,criminal,Ongoing (multiple complaints filed),ongoing,No,Multiple,,"Since October 2023, multiple universal jurisdiction complaints have been filed in European countries relating to crimes committed in Gaza. In Germany, the GBF (Generalbundesanwalt) received complaints from Palestinian rights organizations. In the Netherlands, complaints were filed regarding arms exports. In Belgium, filings targeted starvation as a method of warfare. Hind Rajab Foundation and other organizations have filed complaints in multiple jurisdictions targeting individual Israeli military officials. These cases test the willingness of European prosecutors to investigate crimes in Palestine with the same vigor applied to other situations.",Universal jurisdiction for Gaza crimes | Starvation as war crime | Arms export complicity | Structural investigations,,Al-Haq (https://www.alhaq.org); Hind Rajab Foundation (https://hindrajab.org); ECCHR (https://www.ecchr.eu); Adalah Justice Project (https://www.adalahjusticeproject.org),Palestinian Centre for Human Rights; Al Mezan Center for Human Rights,,,,,,0,
palestine-arms-uj,Arms Export Challenges (Palestine-related),Multiple,"Multiple (Netherlands, Italy, Canada, Denmark)",Various courts and administrative bodies,2024-06-01,2024,Palestine (Gaza),Complicity in war crimes; Violation of Arms Trade Treaty; Complicity in genocide,Universal jurisdiction / Administrative law,civil,Mixed — Dutch court ordered arms suspension; other cases ongoing,ongoing,No,Multiple,,"Multiple legal challenges have been brought in various countries to halt arms exports to Israel. In the Netherlands, the Court of Appeal in The Hague ordered the Dutch government to stop exporting F-35 fighter jet parts to Israel in February 2024, finding a 'clear risk' of violations of international humanitarian law. Similar cases have been filed in Italy, Canada, and Denmark. In Belgium, the Walloon region suspended arms export licenses. These cases combine universal jurisdiction principles, administrative law, and international trade law obligations under the Arms Trade Treaty. They represent an emerging frontier of accountability through supply chain liability.",Arms Trade Treaty obligations | Risk assessment for IHL violations | Corporate supply chain liability | State complicity through arms transfers,https://www.rechtspraak.nl,Oxfam Novib (https://www.oxfamnovib.nl); PAX (https://paxforpeace.nl); Al-Haq (https://www.alhaq.org),,,,,,,0,
doe-v-saravia,Doe v. Saravia,CV-03-2800,United States,"U.S. District Court, Eastern District of California",2006-09-03,2006,El Salvador,Extrajudicial killing; Crimes against humanity; Torture,Universal jurisdiction (ATS/TVPA),civil,$10 million default judgment,conviction,No,English,,"This civil case under the Alien Tort Statute (ATS) and Torture Victim Protection Act (TVPA) held former Salvadoran Air Force Captain Alvaro Rafael Saravia liable for the 1980 assassination of Archbishop Óscar Romero. The court found that Saravia acted under the direction of Roberto D'Aubuisson and organized the logistics of the assassination. CJA (Center for Justice and Accountability) represented the plaintiff. The $10 million default judgment, while largely symbolic, established a judicial record of the facts surrounding Romero's murder and demonstrated how civil universal jurisdiction under U.S. law can serve as an accountability mechanism for gross human rights violations committed abroad.",Alien Tort Statute application | TVPA civil liability | Extrajudicial killing — civil remedy | Default judgment — accountability record,https://cja.org/what-we-do/litigation/doe-v-saravia/,CJA (https://cja.org),,,,,,,0,
filartiga-v-pena-irala,Filártiga v. Peña-Irala,630 F.2d 876,United States,"U.S. Court of Appeals, Second Circuit",1980-06-30,1980,Paraguay,Torture; Wrongful death,Universal jurisdiction (ATS),civil,$10.4 million judgment,conviction,No,English,,The landmark Filártiga v. Peña-Irala case established civil universal jurisdiction in the United States under the Alien Tort Statute (ATS). The Second Circuit held that the ATS provides federal jurisdiction for civil suits brought by aliens for torts committed in violation of the law of nations. Joelito Filártiga was tortured and killed in Paraguay by Inspector General Peña-Irala in retaliation for his father's political opposition. CCR (Center for Constitutional Rights) brought the case after Peña-Irala was found living in New York. The decision opened the door for decades of human rights litigation in U.S. courts and is considered the foundational case for civil universal jurisdiction.,Alien Tort Statute — foundational interpretation | Torture violates law of nations | Civil universal jurisdiction established | Jus cogens norms,https://law.justia.com/cases/federal/appellate-courts/F2/630/876/,CCR (https://ccrjustice.org),,,,,,,2,
kiobel-v-shell,Kiobel v. Royal Dutch Petroleum,569 U.S. 108,United States,U.S. Supreme Court,2013-04-17,2013,Nigeria,Crimes against humanity; Torture; Extrajudicial killings; Arbitrary detention,Universal jurisdiction (ATS),civil,Dismissed (presumption against extraterritoriality),other,Yes,English,,"Nigerian plaintiffs alleged that Royal Dutch Petroleum (Shell) aided and abetted the Nigerian government in committing human rights abuses against the Ogoni people in the Niger Delta. The Supreme Court held that the presumption against extraterritoriality applies to the Alien Tort Statute and that claims must 'touch and concern' the territory of the United States with sufficient force. The decision significantly narrowed the scope of civil universal jurisdiction under the ATS. CCR and EarthRights International represented the plaintiffs. Despite the dismissal, the case prompted a parallel proceeding in the Netherlands and remains a key reference in corporate accountability litigation.",Presumption against extraterritoriality — ATS | Corporate liability limits under ATS | Touch and concern test | Corporate accountability in host states,https://supreme.justia.com/cases/federal/us/569/108/,CCR (https://ccrjustice.org); EarthRights International (https://earthrights.org),,,,,,,1,
argentina-plan-condor,Plan Cóndor Trial,1.613/2015,Argentina,"Federal Criminal Court No. 1, Buenos Aires",2016-05-27,2016,Argentina,Crimes against humanity; Enforced disappearance; Murder; Torture,Territorial / Universal jurisdiction,criminal,Multiple convictions (15 defendants convicted),conviction,No,Spanish,,"The Plan Cóndor trial in Buenos Aires addressed the coordinated campaign of political repression and state terror by the military dictatorships of South America (Argentina, Chile, Uruguay, Paraguay, Bolivia, Brazil) during the 1970s–1980s. Fifteen former military and intelligence officials were convicted of crimes against humanity including the enforced disappearance, torture, and murder of political opponents across borders. The trial was significant for documenting the transnational nature of Operation Condor and establishing criminal responsibility for cross-border repression. The case involved extensive cooperation with human rights organizations across Latin America.",Transnational crimes against humanity | Cross-border state repression | Enforced disappearance — continuing crime | Transitional justice,https://www.cij.gov.ar,CELS (https://www.cels.org.ar); FIDH (https://www.fidh.org),Madres de Plaza de Mayo; Abuelas de Plaza de Mayo,,,,,,0,
cja-romagoza,Romagoza Arce v. García & Vides Casanova,99-8364-CIV,United States,"U.S. District Court, Southern District of Florida",2002-07-23,2002,El Salvador,Torture; Crimes against humanity; Command responsibility,Universal jurisdiction (ATS/TVPA),civil,$54.6 million jury verdict,conviction,No,English,,Three Salvadoran torture survivors won a landmark jury verdict against two former Salvadoran defense ministers — Gen. José Guillermo García and Gen. Carlos Eugenio Vides Casanova — for torture and crimes against humanity committed during the Salvadoran civil war. The jury found both defendants liable under command responsibility doctrine. CJA represented the plaintiffs in what was the first jury trial holding foreign military commanders liable for human rights abuses under the TVPA. The case demonstrated the viability of civil universal jurisdiction as a tool for survivor-centered accountability.,Command responsibility — civil liability | TVPA jury trial | Torture survivor testimony | Civil universal jurisdiction,https://cja.org/what-we-do/litigation/romagoza-v-garcia/,CJA (https://cja.org),,,,,,,0,
ecchr-colonia-dignidad,Colonia Dignidad (Hartmut Hopp),3 StR 370/16,Germany,Düsseldorf Higher Regional Court,2018-12-01,2018,Chile,Aiding and abetting sexual abuse; Crimes against humanity,Active personality / Universal jurisdiction,criminal,Recognition of Chilean conviction (5 years),conviction,No,German,,"German courts enforced a Chilean conviction against Hartmut Hopp, a German citizen and former second-in-command of Colonia Dignidad, a German-Chilean sect compound where systematic torture, sexual abuse, and human rights violations occurred during the Pinochet era. ECCHR supported victims in seeking accountability in Germany after Hopp fled Chile. The case involved complex questions of mutual legal assistance and recognition of foreign criminal judgments. It demonstrated how universal jurisdiction and cross-border legal cooperation can close impunity gaps when perpetrators flee to their countries of nationality.",Recognition of foreign criminal judgments | Cross-border legal cooperation | Sexual abuse in authoritarian context | Impunity gap — nationality state,https://www.justiz.nrw.de,ECCHR (https://www.ecchr.eu); FIDH (https://www.fidh.org),Colonia Dignidad survivors' association,,,,,,0,
jurdi-syria-structural,Syria Structural Investigation (Germany),Multiple proceedings,Germany,Various German courts / Federal Prosecutor,2023-01-01,2023,Syria,Crimes against humanity; War crimes; Torture,Universal jurisdiction,criminal,Ongoing (multiple proceedings),ongoing,No,German,ZBKV (Central Office for Combating War Crimes),"Germany's structural investigation into crimes committed in Syria encompasses multiple proceedings against former Syrian officials and militia members. JURDI (Lawyers for Justice in Libya and Beyond) and other organizations have contributed legal analysis and expertise to support these proceedings. The structural approach allows German prosecutors to build interconnected cases based on common evidence about the systematic nature of the Assad regime's crimes. This approach has been praised as a model for universal jurisdiction investigations and has been supported by numerous NGOs including ECCHR, FIDH, and Legal Action Worldwide.",Structural investigation methodology | Universal jurisdiction — systematic approach | Cross-NGO collaboration | Evidence preservation,https://www.generalbundesanwalt.de,JURDI (https://www.jurdi.org); ECCHR (https://www.ecchr.eu); Legal Action Worldwide (https://www.legalactionworldwide.org); FIDH (https://www.fidh.org),,,,,,,0,SJAC — Structural Investigations: https://syriaaccountability.org/resources/universal-jurisdiction/ | ECCHR — Syria Cases: https://www.ecchr.eu/en/topic/syria/ | UJAR 2025: https://trialinternational.org/universal-jurisdiction-tools/universal-jurisdiction-annual-review-ujar/ | Eurojust — Core International Crimes Database: https://www.eurojust.europa.eu/national-jurisprudence-database-core-international-crimes
interjust-network-case,INTERJUST Network Coordination Cases,Various,Multiple EU states,Various EU courts (coordinated via Eurojust/INTERJUST),2022-01-01,2022,Syria,Crimes against humanity; War crimes; Torture,Universal jurisdiction,criminal,Ongoing (multiple coordinated proceedings),ongoing,No,English,,"INTERJUST is a collaborative network facilitating cross-border cooperation among European prosecutors and investigators working on international crimes cases. Through mechanisms like Joint Investigation Teams (JITs) and Eurojust coordination, INTERJUST has supported parallel investigations into Syrian regime crimes across Germany, France, Sweden, and the Netherlands. The network exemplifies how institutional cooperation strengthens universal jurisdiction enforcement across multiple jurisdictions, enabling evidence sharing and coordinated prosecution strategies for complex international crimes cases.",Cross-border prosecutorial cooperation | Joint Investigation Teams | Evidence sharing frameworks | Institutional support for UJ,,ECCHR (https://www.ecchr.eu),,,,,,,0,
law-somalia,Somalia/South Sudan Accountability (LAW),Various proceedings,Multiple,Various / UN mechanisms,2021-01-01,2021,Somalia,War crimes; Crimes against humanity; Sexual violence,Universal jurisdiction,criminal,Ongoing (investigations and UN submissions),ongoing,No,English,,"Legal Action Worldwide (LAW) has pursued accountability for international crimes committed in Somalia and South Sudan through a combination of universal jurisdiction complaints, strategic litigation, and engagement with UN accountability mechanisms. LAW has documented conflict-related sexual violence and supported survivor-led advocacy for justice. Their work includes supporting complaints filed in multiple jurisdictions and providing legal analysis to international investigative bodies. LAW's approach integrates survivor participation with strategic litigation and demonstrates how civil society organizations can bridge the gap between documentation and legal accountability.",Survivor-led accountability | Multi-jurisdictional complaints | Conflict-related sexual violence documentation | UN mechanism engagement,https://www.legalactionworldwide.org,Legal Action Worldwide (https://www.legalactionworldwide.org),,,,,,,0,
ccr-torture-ats,Al Shimari v. CACI,1:08-cv-00827,United States,"U.S. District Court, Eastern District of Virginia",2019-04-30,2019,Iraq,Torture; War crimes; Cruel and inhuman treatment,ATS / Domestic tort,civil,Settlement (jury trial phase),other,Yes,English,,"Four Iraqi plaintiffs, former detainees at Abu Ghraib prison, sued CACI Premier Technology, a private military contractor, for its role in the torture and abuse at Abu Ghraib. CCR (Center for Constitutional Rights) represented the plaintiffs in this landmark civil case against a corporate defendant for involvement in torture. After years of litigation and multiple appeals, the case reached the jury trial stage before settling. The case was significant for establishing that private military contractors can be held civilly liable for human rights abuses and that the political question doctrine does not bar such claims.",Corporate civil liability for torture | Private military contractor accountability | Political question doctrine — not a bar | Abu Ghraib accountability,https://ccrjustice.org/al-shimari,CCR (https://ccrjustice.org),,,,,,,1,
arg-uribe-colombia,Álvaro Uribe Vélez (Colombia — False Positives),N/A,Argentina,"Federal Criminal Court, Buenos Aires",2023-01-01,2023,Colombia,Crimes against humanity; Extrajudicial killings,Universal jurisdiction,criminal,Investigation opened,ongoing,No,Spanish,,Argentine prosecutors opened an investigation into 'false positive' crimes allegedly committed under the presidency of Álvaro Uribe Vélez of Colombia. The investigation focuses on extrajudicial killings by Colombian military forces who killed civilians and dressed them as guerrilla fighters to inflate combat statistics. Argentina's use of universal jurisdiction for Colombian crimes represents an expansion of South-South accountability.,South-South universal jurisdiction | False positives as crimes against humanity | Head-of-state accountability,,CELS (https://www.cels.org.ar),,,,,,,0,
arg-ortega-nicaragua,Daniel Ortega & Rosario Murillo (Nicaragua),N/A,Argentina,"Federal Criminal Court, Buenos Aires",2023-01-01,2023,Nicaragua,Crimes against humanity; Murder; Torture; Enforced disappearance,Universal jurisdiction,criminal,Investigation ongoing,ongoing,No,Spanish,,"Investigation into crimes against humanity allegedly committed by Nicaraguan President Daniel Ortega, Vice-President Rosario Murillo, and fourteen other high-ranking officials during the violent suppression of 2018 protests. The Argentine complaint was filed by Nicaraguan civil society after domestic justice became impossible under the Ortega regime.",Crimes against humanity — suppression of protests | Head-of-state investigation | Exile community complaints,,,,,,,,,0,
arg-mbs-saudi,Mohammed bin Salman (Saudi Arabia — Khashoggi & Yemen),N/A,Argentina,"Federal Criminal Court, Buenos Aires",2023-01-01,2023,Saudi Arabia,Crimes against humanity; War crimes; Murder; Torture,Universal jurisdiction,criminal,Investigation ongoing,ongoing,No,Spanish,,"Argentine investigation into Saudi Crown Prince Mohammed bin Salman's alleged role in the murder of journalist Jamal Khashoggi in Turkey, the torture of Saudi nationals, and war crimes committed in Yemen. Filed during a G20 summit in Buenos Aires, the case demonstrates the use of universal jurisdiction against sitting heads of state and senior officials of powerful nations.",UJ against powerful states | Assassination of journalist | War crimes in Yemen | G20 filing strategy,,DAWN (https://dawnmena.org); Human Rights Watch (https://www.hrw.org),,,,,,,0,
arg-venezuela,Venezuelan Officials (2014 Protests),N/A,Argentina,"Federal Criminal Court, Buenos Aires",2023-01-01,2023,Venezuela,Crimes against humanity,Universal jurisdiction,criminal,Investigation ongoing,ongoing,No,Spanish,,Investigation of fourteen Venezuelan officials including Juan José Noguera Pietri and José Dionisio Goncálvez Mendoza for crimes against humanity during the 2014 protests in Venezuela. Argentina is the only country currently investigating senior Venezuelan officials for crimes against humanity under universal jurisdiction.,Crimes against humanity — protest suppression | Latin American UJ solidarity,,,,,,,,,1,
aus-schulz-afghanistan,Oliver Schulz (Afghanistan War Crime),N/A,Australia,Australian Federal Court,2023-03-20,2023,Afghanistan,War crimes; Murder of a civilian,Active nationality / Universal jurisdiction,criminal,Charged — first-ever Australian soldier,ongoing,No,English,,Oliver Schulz became the first-ever Australian soldier charged over alleged war crimes in Afghanistan. The charge relates to the murder of an Afghan civilian in 2012. The case follows the Brereton Report which found credible evidence that Australian special forces unlawfully killed 39 Afghan civilians and prisoners. The prosecution represents a landmark moment in Australian military accountability.,First military prosecution for war crimes in Australia | Brereton Report follow-up | Active nationality jurisdiction,,,,,,,,,0,
austria-syrian-intel,Khaled H. & Others (Syrian Intelligence),N/A,Austria,Austrian courts,2023-01-01,2023,Syria,Crimes against humanity; Torture,Universal jurisdiction,criminal,Investigation ongoing,ongoing,No,German,,Investigation against Syrian intelligence officers in Austria continues. The case gained attention when Austrian government officials were acquitted of charges of asylum abuse related to the handling of Syrian asylum seekers connected to the investigation.,Syrian intelligence investigation | Asylum system intersection,,,,,,,,,0,
belgium-guatemala,Manuel Benedicto Lucas García & Others (Guatemala),N/A,Belgium,Brussels Assize Court,2023-11-01,2023,Guatemala,Crimes against humanity; Murder,Passive personality / Universal jurisdiction,criminal,Conviction — five former officials,conviction,No,French,,"Five former Guatemalan ministers and high-ranking military officials were convicted by a Belgian court for crimes against humanity committed over 40 years ago against Belgian missionaries in Guatemala. The case included former Chief of Staff Manuel Benedicto Lucas García. The conviction came more than four decades after the crimes, demonstrating that there is no statute of limitations for crimes against humanity.",No statute of limitations for CAH | Passive personality — Belgian victims | 40-year accountability gap closed,,FIDH (https://www.fidh.org),,,,,,,0,
belgium-iraq-alqaeda,O.Y.T. (Al-Qaeda — Iraq),N/A,Belgium,Belgian courts,2023-01-01,2023,Iraq,War crimes; Crimes against humanity,Universal jurisdiction,criminal,Detained — investigation ongoing,ongoing,No,French,,Iraqi national detained in Belgium over alleged Al-Qaeda war crimes and crimes against humanity committed in Baghdad in 2009-2010. The case reflects Belgium's continued willingness to investigate and prosecute international crimes committed in Iraq.,Universal jurisdiction — Iraqi crimes | Al-Qaeda accountability,,,,,,,,,0,
belgium-rwanda-gakwaya,Ernest Gakwaya & Emmanuel Nkunduwimye (Rwanda),N/A,Belgium,Belgian Assize Court,2023-01-01,2023,Rwanda,Genocide; War crimes,Universal jurisdiction,criminal,Trial date set,ongoing,No,French,,Trial date set for two alleged former Interahamwe members charged with genocide and war crimes during the 1994 Rwandan genocide. Belgium has been one of the most active jurisdictions in prosecuting Rwandan genocide suspects.,Rwandan genocide prosecution | Belgian UJ practice,,,,,,,,,0,
belgium-rwanda-basabose,Pierre Basabosé & Séraphin Twahirwa (Rwanda),N/A,Belgium,Brussels Assize Court,2023-06-01,2023,Rwanda,Genocide; War crimes; Sexual violence,Universal jurisdiction,criminal,Convicted,conviction,No,French,,"Two Rwandan nationals convicted on genocide and war crimes charges, including sexual violence, for crimes committed during the 1994 Rwandan genocide. The inclusion of sexual violence charges was significant for gender justice in universal jurisdiction proceedings.",Genocide conviction | Sexual violence charges in UJ | Gender justice,,,,,,,,,2,
belgium-isis-palmyra,ISIS Member — Palmyra (Belgium),N/A,Belgium,Belgian courts,2023-01-01,2023,Syria,War crimes,Universal jurisdiction,criminal,Investigation ongoing,ongoing,No,French,,"Investigation of an alleged former member of ISIS for war crimes committed in Palmyra, Syria. Belgium has opened several investigations into ISIS-related international crimes under universal jurisdiction.",ISIS war crimes in Palmyra | Belgian structural investigation,,,,,,,,,0,
finland-massaquoi,Gibril Massaquoi (Sierra Leone / Liberia),N/A,Finland,Pirkanmaa District Court / Court of Appeal,2023-05-01,2023,Liberia,War crimes; Crimes against humanity; Murder; Sexual violence,Universal jurisdiction,criminal,Acquitted on appeal,acquittal,No,Finnish,,"Former Sierra Leonean rebel commander Gibril Massaquoi was acquitted of war crimes and crimes against humanity on appeal by a Finnish court. He had been charged with crimes committed in Liberia during 2001-2002. Finland conducted unprecedented investigative missions to Liberia and Sierra Leone, but the appellate court found insufficient evidence. The case tested Finland's capacity for complex UJ investigations in West Africa.",Investigative missions abroad | Evidence challenges in UJ | Finnish UJ capacity,,Civitas Maxima (https://www.civitas-maxima.org),,,,,,,0,
france-lumbala-drc,Roger Lumbala Tshitenga (DRC),N/A,France,Paris Cour d'assises,2025-12-15,2025,Democratic Republic of the Congo,Complicity in crimes against humanity; Torture; Rape; Sexual slavery; Forced labour; Summary executions; Pillage,Universal jurisdiction,criminal,30 years imprisonment,conviction,No,French,OCLCH,"Former Congolese rebel leader Roger Lumbala was sentenced to 30 years for complicity in crimes against humanity committed during Operation 'Erase the Slate' in 2002-2003 in northeast DRC. As leader of the RCD-N rebel group (backed by Uganda), Lumbala's forces carried out systematic torture, mass rape, sexual slavery, forced labour, summary executions, and pillage targeting Nande and Bambuti Pygmy communities in Ituri province. First Congolese national tried before a national court in connection with the Second Congo War. Lumbala was arrested in France in January 2021 under universal jurisdiction.",First national court trial for Second Congo War crimes | Rebel commander complicity | Sexual violence as weapon of war | Universal jurisdiction — France,,FIDH (https://www.fidh.org); TRIAL International (https://trialinternational.org); Clooney Foundation for Justice (https://cfj.org),,,,,,,1,France 24 — Lumbala sentenced to 30 years: https://www.france24.com/en/africa/20251215-french-court-sentences-dr-congo-ex-rebel-chief-lumbala-30-years-in-prison | TRIAL International — Lumbala trial analysis: https://trialinternational.org/latest-post/review-of-the-roger-lumbala-trial-an-analysis-of-the-verdict-of-the-paris-cour-dassises/
france-nexa-egypt,Nexa Technologies (Egypt — Surveillance),N/A,France,Paris Judicial Court,2023-01-01,2023,Egypt,Complicity in torture; Complicity in enforced disappearance,Active personality,criminal,Investigation ongoing — key witness heard,ongoing,Yes,French,,"Investigation into French surveillance technology company Nexa Technologies (formerly Amesys) for the alleged sale of surveillance equipment to the Egyptian government, used to target political opponents. A key witness was heard in 2023 regarding the use of the technology. The case is part of a broader pattern of corporate accountability cases in France for the export of surveillance and dual-use technologies to authoritarian regimes.",Corporate complicity through technology export | Surveillance technology and human rights | Dual-use technology accountability,,FIDH (https://www.fidh.org); LDH (https://www.ldh-france.org),,,,,,,0,
france-amesys-libya,Amesys (Libya — Surveillance),N/A,France,Paris Judicial Court,2023-01-01,2023,Libya,Complicity in torture,Active personality,criminal,Investigation ongoing,ongoing,Yes,French,,"Investigative judges ordered to proceed with several investigative acts in the corporate accountability case against Amesys and two of its executives for selling surveillance technology to the Gaddafi regime in Libya, allegedly used to identify and torture political opponents. Together with the Nexa/Egypt case, it represents a frontier of corporate liability for dual-use technology exports.",Corporate complicity in Libyan torture | Technology export liability | Investigative acts ordered,,FIDH (https://www.fidh.org); LDH (https://www.ldh-france.org),,,,,,,0,
france-exxelia-gaza,Exxelia (Gaza — Military Attack),N/A,France,Paris Judicial Court,2023-01-01,2023,Palestine (Gaza),War crimes; Corporate complicity,Active personality / Universal jurisdiction,criminal,Investigation opened,ongoing,Yes,French,,"An unprecedented war crimes and corporate accountability case was opened against French company Exxelia for its alleged role in supplying components used in a military attack in Gaza. This is the first corporate accountability case specifically related to an Israeli military operation in the occupied Palestinian territories, linking European arms supply chains to alleged war crimes.",Corporate complicity in Gaza attack | Arms supply chain liability | First corporate case for Palestine crimes,,Sherpa (https://www.asso-sherpa.org),,,,,,,0,
france-rwamucyo-rwanda,Eugène Rwamucyo (Rwanda),N/A,France,Paris Assize Court,2024-10-30,2024,Rwanda,Complicity in genocide; Conspiracy to commit genocide; Complicity in crimes against humanity; Conspiracy to commit crimes against humanity,Universal jurisdiction,criminal,27 years imprisonment,conviction,No,French,OCLCH,"Eugène Rwamucyo, 65, a former doctor and lecturer at the National University of Rwanda in Butare, was sentenced to 27 years imprisonment by the Paris Assize Court on October 30, 2024. He was found guilty of complicity in genocide and participation in a conspiracy to prepare genocide, as well as complicity in crimes against humanity. He was acquitted of direct genocide and crimes against humanity charges. Rwamucyo supervised mass burials of Tutsi victims — some still alive — in the Butare prefecture, and publicly incited genocide through the 'Cercle des républicains'. He is the 8th Rwandan national tried in France for involvement in the 1994 genocide; all have been found guilty. His lawyers announced an appeal.",Medical professional complicity in genocide | Mass burial supervision as genocide facilitation | Conspiracy to commit genocide via public incitement | Distinction between direct genocide and complicity,,CPCR (https://www.collectifpartiescivilesrwanda.fr); Ibuka (https://ibuka.fr),CPCR; Ibuka,,,,,,1,CPCR — Eugène Rwamucyo: https://www.collectifpartiescivilesrwanda.fr/en/eugene-rwamucyo-genocide-trial-finally-set-to-begin-in-paris/ | Rwanda Justice for Genocide — Trial proceedings: https://rwandajustice4genocide.org.uk/eugene-rwamucyo/ | France 24 — Genocide survivors await trial: https://www.france24.com/en/video/20241002-rwandan-genocide-survivors-eagerly-awaiting-dr-rwamucyo-s-trial-in-france
france-hategekimana-rwanda,Philippe Hategekimana / Manier (Rwanda),N/A,France,Paris Assize Court (appeal),2024-12-17,2024,Rwanda,Genocide; Crimes against humanity,Universal jurisdiction,criminal,Life imprisonment — confirmed on appeal,conviction,No,French,OCLCH,"Former Rwandan gendarme Philippe Hategekimana, who lived in France under the alias 'Philippe Manier', was sentenced to life imprisonment for genocide and crimes against humanity. His appeal was dismissed on December 17, 2024, with the life sentence upheld. The court found he used his authority to set up roadblocks where Tutsis were stopped and murdered, led attacks against defenceless Tutsi civilians on hills including Nyaburare, and personally ordered the murder of Narcisse Nyagasaza, the bourgmestre of Ntyazo who tried to prevent the genocide. Known as 'Biguma', he was naturalised French in 2005 under a false identity and worked at the University of Rennes until the CPCR uncovered his past.",Life sentence for genocide — confirmed on appeal | False identity to evade justice | Gendarme authority in facilitating genocide | Roadblock killings | Murder of protective local official,,CPCR (https://www.collectifpartiescivilesrwanda.fr); Ibuka (https://ibuka.fr),CPCR; Ibuka,,,,,,2,CPCR — Hategekimana appeal: https://www.collectifpartiescivilesrwanda.fr/en/proces-en-appel-hategekimana-manier-alias-biguma/ | Rwanda Justice for Genocide — Daily trial report: https://rwandajustice4genocide.org.uk/wp-content/uploads/HATEGEKIMANA-daily-trial-report.pdf
france-munyemana-rwanda,Sosthène Munyemana (Rwanda),N/A,France,Paris Assize Court (appeal),2025-10-23,2025,Rwanda,Genocide; Preparatory acts for genocide,Universal jurisdiction,criminal,24 years imprisonment — confirmed on appeal,conviction,No,French,OCLCH,"Sosthène Munyemana, a Rwandan doctor who practiced as an emergency physician in Villeneuve-sur-Lot for many years, was sentenced to 24 years imprisonment, confirmed on appeal on October 23, 2025, at the Paris Assize Court. He was found guilty of acts of genocide against Tutsis resulting in their deaths, as well as preparatory acts for the genocide. The case was filed in 1995 by Survie, FIDH and CRF, with CPCR joining as civil plaintiff in 2001. It took 28 years for the judicial process to reach its conclusion — formal investigation only began in 2011, indictment in 2018, first-instance conviction on December 19, 2023, and appeal confirmation in October 2025.",Genocide conviction — medical professional | 28-year judicial saga | Appeal confirmed first-instance sentence | Preparatory acts for genocide | Multiple NGO civil parties,,CPCR (https://www.collectifpartiescivilesrwanda.fr); Ibuka (https://ibuka.fr); Survie; FIDH,CPCR; Ibuka; Survie; FIDH; CRF,,,,,,2,"CPCR — Collectif des parties civiles pour le Rwanda (chroniques d audience, arrêts, lettres de motivation): https://www.collectifpartiescivilesrwanda.fr/proces/ | CPCR — Munyemana appeal: https://www.collectifpartiescivilesrwanda.fr/en/appeal-trial-of-sosthene-munyemana/ | CPCR — Munyemana first trial: https://www.collectifpartiescivilesrwanda.fr/en/sosthene-munyemana-trial/"
france-assad-chemical,Bashar al-Assad & Others (Chemical Attacks),N/A,France,Paris Judicial Court (Investigating judges),2023-11-15,2023,Syria,War crimes; Crimes against humanity; Use of chemical weapons,Universal jurisdiction / Passive personality,criminal,International arrest warrants issued,ongoing,No,French,OCLCH,"French investigating judges issued international arrest warrants against Syrian President Bashar al-Assad and three other high-ranking officials for war crimes and crimes against humanity through chemical attacks in Syria, including the 2013 Eastern Ghouta attack. This was the first time a sitting head of state was subject to a national arrest warrant for chemical weapons use. Additional warrants were issued against Maher al-Assad, Ghassan Abbas, and Bassam al-Hassan.",Arrest warrant against sitting head of state | Chemical weapons as war crimes/CAH | French investigative judges' independence,,ECCHR (https://www.ecchr.eu); SCM (https://scm.bz),,,,,,,0,
france-mamluk-syria,"Ali Mamluk, Jamil Hassan & Abdel Salam Mahmoud (Syria)",N/A,France,Paris Judicial Court,2023-01-01,2023,Syria,Complicity in crimes against humanity; War crimes; Torture,Universal jurisdiction,criminal,Sent to trial,ongoing,No,French,OCLCH,"Three high-ranking Syrian officials — Ali Mamluk (head of National Security Bureau), Jamil Hassan (Air Force Intelligence Director), and Abdel Salam Mahmoud — were sent to trial for complicity in crimes against humanity and war crimes in Syria. The case builds on the French structural investigation into Syrian regime crimes and follows the model established by Germany's Koblenz trial.",Senior officials prosecution | Structural investigation — France | Complicity in systematic torture,,FIDH (https://www.fidh.org); ECCHR (https://www.ecchr.eu),,,,,,,0,
france-chaban-uj-landmark,Abdulhamid Chaban (French Supreme Court UJ Landmark),N/A,France,Court of Cassation,2023-10-01,2023,Syria,War crimes; Crimes against humanity,Universal jurisdiction,criminal,Legal barrier removed — landmark ruling,other,No,French,,"The French Supreme Court (Cour de cassation) issued a landmark reversal removing a legal barrier for the prosecution of international crimes under universal jurisdiction. The ruling clarified that the dual criminality requirement should be interpreted broadly, enabling France to prosecute crimes that may not be specifically codified in the country where they were committed but constitute international crimes under customary law.",Dual criminality — broad interpretation | Supreme Court landmark on UJ | Customary international law application,https://www.courdecassation.fr,,,,,,,,0,
france-nema-jaysh-islam,Majdi Nema / Islam Alloush (Jaysh al-Islam — Syria),N/A,France,Paris Judicial Court,2023-01-01,2023,Syria,War crimes; Crimes against humanity,Universal jurisdiction,criminal,Sent to trial,ongoing,No,French,OCLCH,"Majdi Nema, former spokesperson of Syrian armed group Jaysh al-Islam (alias Islam Alloush), was sent to trial in France. He is accused of involvement in war crimes and crimes against humanity in the Syrian conflict. The case is significant as it targets a member of a non-state armed opposition group, not only regime forces.",Non-state armed group accountability | Opposition group crimes,,,,,,,,,0,
france-liberia-saturday,Saturday T. (Liberia),N/A,France,Paris Judicial Court,2023-01-01,2023,Liberia,Crimes against humanity; War crimes,Universal jurisdiction,criminal,Arrested,ongoing,No,French,OCLCH,"An alleged former rebel commander was arrested in France in relation to international crimes committed in Liberia between 1989 and 1996 during the first Liberian civil war. Following the Kunti Kamara conviction, this represents France's continued pursuit of Liberian war crimes suspects.",Liberian civil war accountability | Continued French UJ practice,,Civitas Maxima (https://www.civitas-maxima.org),,,,,,,0,
germany-alaa-m-syria,Alaa Mousa (Syrian Doctor),N/A,Germany,Frankfurt Higher Regional Court,2025-06-16,2025,Syria,Crimes against humanity; Torture; Murder,Universal jurisdiction,criminal,Life imprisonment,conviction,No,German,ZBKV,"Syrian doctor Alaa Mousa was sentenced to life imprisonment without parole for crimes against humanity including torture and murder committed at military hospitals in Homs, Syria. The Frankfurt Higher Regional Court found him guilty of systematic torture of detainees at military hospitals during the Syrian conflict. The case is significant as it addresses the criminal responsibility of medical professionals who participated in systematic state torture.",Medical professional criminal responsibility | Military hospital torture | Life sentence without parole | Syrian conflict — medical crimes,https://olg-frankfurt-justiz.hessen.de,ECCHR (https://www.ecchr.eu),,,,,,,1,The Guardian — Syrian doctor sentenced to life: https://www.theguardian.com/world/2025/jun/16/german-court-sentences-syrian-doctor-alaa-mousa-to-life-in-jail-for-crimes-against-humanity | Reuters — Germany hands Syrian doctor life: https://www.reuters.com/world/middle-east/german-court-deliver-landmark-verdict-syrian-doctor-accused-torture-2025-06-16/
germany-bai-l-gambia,Bai L. (Gambia — Junglers),N/A,Germany,Celle Higher Regional Court,2023-04-01,2023,Gambia,Crimes against humanity; Murder; Torture,Universal jurisdiction,criminal,Convicted,conviction,No,German,ZBKV,Former member of Gambian paramilitary group 'the Junglers' was convicted of crimes against humanity at the Celle Higher Regional Court. The Junglers were a death squad operating under former President Yahya Jammeh's regime. The case demonstrated Germany's capacity to investigate and prosecute crimes from West African countries under universal jurisdiction.,Gambian Junglers accountability | Paramilitary death squad | West African UJ,,ECCHR (https://www.ecchr.eu),,,,,,,2,TRIAL International — Historic conviction of Gambian death squad member: https://trialinternational.org/latest-post/historic-conviction-in-germany-of-a-former-member-of-a-gambian-death-squad-for-crimes-against-humanity/ | AP News — Gambian man convicted in Germany: https://apnews.com/article/germany-gambia-crimes-humanity-conviction-0e9ac517261aa1aee819b491b4435fad
germany-moafak-d-syria,Moafak D. (Free Palestine — Syria),N/A,Germany,Berlin Higher Regional Court,2023-01-01,2023,Syria,Crimes against humanity; Murder,Universal jurisdiction,criminal,Life imprisonment,conviction,No,German,ZBKV,Syrian member of the Free Palestine armed group was sentenced to life imprisonment for an indiscriminate grenade attack on civilians in Damascus. The attack constituted crimes against humanity as part of the widespread and systematic attack against the civilian population during the Syrian conflict.,Indiscriminate attack on civilians | Non-state armed group liability | Life sentence — German UJ,,,,,,,,,0,DW — German court convicts man over Syrian war crime: https://www.dw.com/en/german-court-convicts-man-over-syrian-war-crime-from-2014/a-64802352 | AP News — German court convicts man over 2014 attack in Syria: https://apnews.com/article/germany-syria-government-damascus-f172d889dd4989dcbbe1185ce4e9ba01
germany-isis-members,ISIS Members (Multiple — Germany),Multiple proceedings,Germany,Various German Higher Regional Courts,2023-01-01,2023,Syria,Genocide; Crimes against humanity; War crimes; Membership in terrorist organization,Universal jurisdiction,criminal,Multiple convictions and ongoing trials,ongoing,No,German,ZBKV,"Germany has prosecuted numerous alleged former ISIS members for international crimes including genocide against the Yazidi community. Cases include charges of genocide, slavery, war crimes, and crimes against humanity. Germany has been at the forefront of prosecuting ISIS crimes under universal jurisdiction, with the ZBKV coordinating structural investigations.",Yazidi genocide prosecution | ISIS structural investigation | Slavery as crime against humanity,,ECCHR (https://www.ecchr.eu); Yazda (https://www.yazda.org),,,,,,,0,
lithuania-uj-cases,Lithuanian UJ Investigations,N/A,Lithuania,Lithuanian courts,2023-01-01,2023,Multiple,War crimes; Crimes against humanity,Universal jurisdiction,criminal,Follow-up on existing cases,ongoing,No,Lithuanian,,"Lithuania maintains several ongoing universal jurisdiction investigations, primarily related to Soviet-era crimes and more recent international crimes. While cases are fewer than in larger European states, Lithuania's participation demonstrates the expanding geography of UJ practice.",Baltic state UJ practice | Soviet-era accountability,,,,,,,,,0,
netherlands-eshetu-ethiopia,Eshetu Alemu (Ethiopian Red Terror),ECLI:NL:RBDHA:2017:3016,Netherlands,Rechtbank Den Haag (District Court The Hague),2017-12-15,2017,Ethiopia,War crimes; Crimes against humanity,Universal jurisdiction,criminal,Life imprisonment,conviction,No,Dutch,,Former Ethiopian official Eshetu Alemu was sentenced to life imprisonment for crimes committed during the Ethiopian Red Terror (1977-1978) under the Derg regime. It was one of the first universal jurisdiction convictions in the Netherlands for international crimes committed in Africa. The conviction was upheld on appeal.,Ethiopian Red Terror accountability | Life imprisonment | Dutch UJ — first conviction for African crimes,https://uitspraken.rechtspraak.nl/details?id=ECLI:NL:RBDHA:2017:3016,,,,,,,,2,Rechtspraak.nl — Full text (NL): https://uitspraken.rechtspraak.nl/details?id=ECLI:NL:RBDHA:2017:3016 | ICD — International Crimes Database — Eshetu Alemu: https://www.internationalcrimesdatabase.org
netherlands-aarab-yazidi,Hasna Aarab (Yazidi — ISIS),N/A,Netherlands,Dutch courts,2023-01-01,2023,Syria,War crimes; Crimes against Yazidis,Universal jurisdiction,criminal,First Yazidi trial in Netherlands,ongoing,No,Dutch,,"First trial in the Netherlands for crimes against the Yazidi community. Hasna Aarab was charged with involvement in ISIS crimes against Yazidis in Syria. The case marked the Netherlands' entry into prosecuting anti-Yazidi crimes, following Germany's lead.",First Dutch Yazidi case | ISIS returnee prosecution,https://uitspraken.rechtspraak.nl/details?id=ECLI:NL:RBDHA:2017:14782,,,,,,,,0,
netherlands-mustafa-a-syria,Mustafa A. (Syrian Pro-Regime Fighter),N/A,Netherlands,The Hague District Court,2023-01-01,2023,Syria,War crimes,Universal jurisdiction,criminal,Convicted — first pro-regime conviction in NL,conviction,No,Dutch,,First conviction in the Netherlands of a Syrian pro-regime fighter for war crimes. Mustafa A. was found guilty of posing with dead bodies and involvement in war crimes during the Syrian civil war. The case expanded Dutch UJ practice beyond ISIS-related prosecutions to include Assad regime supporters.,First pro-regime conviction in NL | War crime — posing with dead bodies | Social media evidence,,,,,,,,,2,Al Jazeera — Dutch court convicts Syrian pro-government fighter: https://www.aljazeera.com/news/2024/1/22/dutch-court-convicts-syrian-fighter-on-war-crimes-charges | CIJA — Mustafa A. convicted: https://cijaonline.org/news/2024/1/22/mustafa-m-convicted-by-dutch-court-for-crimes-against-humanity-and-war-crimes
netherlands-lemouesset-isis,Yousra Lemouesset (ISIS — Netherlands),N/A,Netherlands,Dutch courts,2023-01-01,2023,Syria,War crimes,Universal jurisdiction,criminal,Convicted,conviction,No,Dutch,,Dutch former member of ISIS convicted of war crimes committed in Syria. The case is part of a broader European trend of prosecuting returning foreign fighters for international crimes rather than solely for terrorism-related offenses.,Foreign fighter prosecution | War crimes vs terrorism charges | Dutch UJ practice,,,,,,,,,0,ICCT — Yousra L. case: https://interlinkagesdatabase.icct.nl/case/yousra-l-09-748012-19-09-748012-19-p
sweden-lundin-sudan,Alex Schneiter & Ian Lundin (Sudan — Lundin Energy),N/A,Sweden,Stockholm District Court,2023-09-01,2023,Sudan,Complicity in war crimes,Active personality / Universal jurisdiction,criminal,Trial ongoing,ongoing,Yes,Swedish,,Swiss businessman Alex Schneiter and Swedish oil magnate Ian Lundin stand trial for complicity in Sudanese war crimes committed during oil exploration operations in southern Sudan (now South Sudan) between 1999 and 2003. Lundin Energy (formerly Lundin Oil) allegedly benefited from military offensives that displaced and killed civilians to secure oil exploration areas. This is one of the most significant corporate accountability trials in Europe.,Corporate complicity in war crimes | Oil industry accountability | Business and armed conflict | Longest Swedish UJ investigation,,PAX (https://paxforpeace.nl); ECCHR (https://www.ecchr.eu),,,,,,,0,
switzerland-nezzar-algeria,Khaled Nezzar (Algeria — Dirty War),N/A,Switzerland,Swiss Federal Criminal Court,2023-01-01,2023,Algeria,War crimes; Crimes against humanity,Universal jurisdiction,criminal,Defendant died after indictment,other,No,French,,"Former Algerian minister of defense Khaled Nezzar passed away after being indicted for war crimes and crimes against humanity during Algeria's 'dirty war' (1992-2002). The Swiss prosecution was one of the few attempts to achieve accountability for the Algerian civil war, in which an estimated 200,000 people were killed.",Algerian dirty war accountability | Death of suspect after indictment | Swiss UJ for North African crimes,,TRIAL International (https://trialinternational.org),,,,,,,0,
switzerland-harauski-belarus,Yuri Harauski (Belarus — Lukashenko's Hit Squad),N/A,Switzerland,Swiss Federal Criminal Court,2023-06-01,2023,Belarus,Enforced disappearance,Universal jurisdiction,criminal,Acquitted,acquittal,No,French,,"Former member of President Lukashenko's alleged hit squad was acquitted by a Swiss court for enforced disappearances in Belarus. Despite the acquittal, the case was significant as one of the rare judicial examinations of crimes committed under the Lukashenko regime.",Belarusian regime crimes | Enforced disappearance charges | Evidentiary challenges,,TRIAL International (https://trialinternational.org),,,,,,,0,
switzerland-kosiah-liberia,Alieu Kosiah (Liberia),SK.2019.17,Switzerland,Swiss Federal Criminal Court (Bellinzona),2021-06-18,2021,Liberia,War crimes; Crimes against humanity,Universal jurisdiction,criminal,20 years imprisonment (confirmed on appeal),conviction,No,French,,"Alieu Kosiah, a former ULIMO-B rebel commander, was convicted by the Swiss Federal Criminal Court in Bellinzona and sentenced to 20 years imprisonment — the first Swiss war crimes trial. He was found guilty of war crimes including ordering killings, recruitment of child soldiers, and acts of sexual violence during the first Liberian civil war. The conviction was confirmed on appeal. Civitas Maxima played a central role in bringing the case.",First Swiss war crimes trial | 20-year sentence | Child soldier recruitment | Rebel commander liability | Appeal confirmation,https://www.bger.ch/ext/eurospider/live/de/php/aza/http/index.php?highlight_docid=aza%3A%2F%2F09-01-2023-6B_162-2022,Civitas Maxima (https://www.civitas-maxima.org); TRIAL International (https://trialinternational.org),,,,,,,2,Civitas Maxima — Kosiah Case: https://civitas-maxima.org/cases/ | TRIAL International — Kosiah: https://trialinternational.org/latest-post/alieu-kosiah/ | ICD — International Crimes Database — Kosiah: https://www.internationalcrimesdatabase.org | UJAR 2025: https://trialinternational.org/universal-jurisdiction-tools/universal-jurisdiction-annual-review-ujar/
switzerland-rifaat-assad,Rifaat al-Assad (Syria — 1982 Hama Massacre),N/A,Switzerland,Swiss Federal Criminal Court,2023-01-01,2023,Syria,War crimes,Universal jurisdiction,criminal,Arrest warrant issued,ongoing,No,French,,"An arrest warrant was issued against former Syrian Vice-President Rifaat al-Assad for war crimes committed during the 1982 Hama massacre, in which an estimated 10,000-40,000 civilians were killed. The Swiss investigation is parallel to a French investigation into the same events. Rifaat al-Assad is the uncle of former President Bashar al-Assad.",1982 Hama massacre accountability | Parallel Swiss-French investigations | Former vice-president prosecution,,TRIAL International (https://trialinternational.org),,,,,,,0,
switzerland-sonko-gambia,Ousman Sonko (Gambia),N/A,Switzerland,Swiss Federal Criminal Court,2024-05-22,2024,Gambia,Crimes against humanity; Murder; Torture; Rape; Unlawful detention,Universal jurisdiction,criminal,20 years imprisonment,conviction,No,French,,"Former Gambian Minister of Interior Ousman Sonko was convicted of crimes against humanity and sentenced to 20 years in prison, making him the highest-ranking State official ever tried under universal jurisdiction before a European court. Sonko was responsible for widespread repression under President Yahya Jammeh's regime. He was arrested in Switzerland in 2017 after seeking asylum. The landmark trial, supported by TRIAL International, lasted over a year. An appeal trial is set for March 2026.",Highest-ranking official tried under UJ in Europe | Former minister convicted | Asylum seeker turned defendant | Jammeh-era crimes against humanity,https://bstger.weblaw.ch/pdf/20240515_SK_2021_1.pdf,TRIAL International (https://trialinternational.org),,,,,,,2,TRIAL International — Sonko: https://trialinternational.org/latest-post/ousman-sonko/ | UJAR 2025: https://trialinternational.org/universal-jurisdiction-tools/universal-jurisdiction-annual-review-ujar/ | Justice Beyond Borders (CFJ): https://justicebeyondborders.org
uk-afghan-cah,Afghan National (Crimes Against Humanity — UK),N/A,United Kingdom,UK courts,2023-01-01,2023,Afghanistan,Crimes against humanity,Universal jurisdiction,criminal,Arrested,ongoing,No,English,Metropolitan Police War Crimes Team,Afghan national arrested in the UK over alleged crimes against humanity committed in Afghanistan in 2015. Part of the UK's growing portfolio of universal jurisdiction cases handled by the Metropolitan Police War Crimes Team.,Afghan crimes investigation | UK Met Police War Crimes Team,,,,,,,,,0,
uk-angolan-war-crimes,Angolan National (War Crimes — UK),N/A,United Kingdom,UK courts,2023-01-01,2023,Angola,War crimes,Universal jurisdiction,criminal,Arrested,ongoing,No,English,Metropolitan Police War Crimes Team,Angolan national arrested in the UK over alleged war crimes committed between 1991 and 1994 during the Angolan civil war. The arrest expanded UK UJ practice to cover Angolan conflict crimes for the first time.,Angolan civil war crimes | First UK case for Angola,,,,,,,,,0,
uk-iran-torture,Iranian National (Torture — UK),N/A,United Kingdom,UK courts,2023-01-01,2023,Iran,Torture,Universal jurisdiction,criminal,Arrested,ongoing,No,English,Metropolitan Police War Crimes Team,Iranian national arrested in the UK over torture allegedly committed between 2010 and 2012. The UK's prosecution of Iranian torture suspects complements Sweden's Hamid Noury case.,Iranian torture accountability | UK UJ — Iran,,,,,,,,,0,
uk-gambia-torture,Gambian National (Torture — UK),N/A,United Kingdom,UK courts,2023-01-01,2023,Gambia,Torture,Universal jurisdiction,criminal,Arrested,ongoing,No,English,Metropolitan Police War Crimes Team,"Gambian national arrested in the UK over torture committed between 2000 and 2011 during the Jammeh era. Together with cases in Germany and Switzerland, this demonstrates multi-jurisdictional pursuit of Jammeh-era crimes.",Jammeh-era torture | Multi-jurisdictional Gambian accountability,,,,,,,,,0,
us-roggio-torture,Ross Roggio (Extraterritorial Torture — US),N/A,United States,U.S. Federal Court,2023-01-01,2023,Multiple,Torture,Extraterritorial torture statute,criminal,Convicted — second-ever under torture statute,conviction,No,English,,"Ross Roggio became the second person ever convicted in the United States under the extraterritorial torture statute. The case demonstrated the potential of US federal law to address torture committed abroad, though such prosecutions remain extremely rare.",US extraterritorial torture statute | Second-ever conviction | Federal prosecution of international crimes,,,,,,,,,0,
us-correa-gambia,Michael Sang Correa (Gambia — Junglers),N/A,United States,"U.S. District Court, District of Colorado",2023-01-01,2023,Gambia,Torture; Conspiracy to commit torture,Extraterritorial torture statute,criminal,Trial date set,ongoing,No,English,,"Trial date set for the first US prosecution of a member of Gambian President Yahya Jammeh's 'Junglers' paramilitary death squad. Michael Sang Correa is charged with torture and conspiracy to commit torture. The case, alongside the German Bai L. conviction and Swiss Sonko trial, demonstrates coordinated multi-jurisdictional accountability for Jammeh-era crimes.",First US Jungler prosecution | Multi-jurisdictional Gambian accountability | Extraterritorial torture statute,,Human Rights Watch (https://www.hrw.org),,,,,,,0,
arg-rohingya-genocide,Rohingya Genocide (Argentina — Universal Jurisdiction),N/A,Argentina,"Federal Criminal Court, Buenos Aires",2024-06-28,2024,Myanmar,Genocide; Crimes against humanity,Universal jurisdiction,criminal,25 arrest warrants requested (including Min Aung Hlaing),ongoing,No,Spanish,,"Argentine Prosecutor Guillermo Marijuán requested 25 international arrest warrants against Myanmar military officials for genocide and crimes against humanity committed against the Rohingya community between 2012 and 2018. The warrants target Commander-in-Chief Min Aung Hlaing, Deputy Commander Soe Win, and 23 other senior officials. This is the first time arrest warrants have been sought against Myanmar military officials for the crime of genocide. The case was brought by BROUK (Burmese Rohingya Organisation UK) and Fortify Rights under the principle of universal jurisdiction. It builds on Argentina's growing UJ practice that also covers Franco-era Spain, Colombia, Nicaragua, Saudi Arabia, and Venezuela.",First genocide arrest warrants for Myanmar military | South-South UJ — Argentina for Myanmar | 25 senior officials targeted | BROUK advocacy strategy,,Fortify Rights (https://www.fortifyrights.org); BROUK (https://www.brouk.org.uk); Global Justice Center (https://www.globaljusticecenter.net),Burmese Rohingya Organisation UK,,,,,,0,Fortify Rights — Myanmar: https://www.fortifyrights.org/mya-inv-rep-2018-07-19/ | IIMM — UN Mechanism for Myanmar: https://iimm.un.org/ | UJAR 2025: https://trialinternational.org/universal-jurisdiction-tools/universal-jurisdiction-annual-review-ujar/
germany-myanmar-complaint,Myanmar Generals (Germany — UJ Complaint),N/A,Germany,Federal Public Prosecutor General (Generalbundesanwalt),2023-01-24,2023,Myanmar,Genocide; War crimes; Crimes against humanity,Universal jurisdiction,criminal,Complaint filed — under assessment,ongoing,No,German / English,ZBKV (Central Office for Combating War Crimes),"Fortify Rights and 16 individual complainants from Myanmar filed a criminal complaint with Germany's Federal Public Prosecutor General under universal jurisdiction against senior Myanmar military generals for genocide, war crimes, and crimes against humanity. The complaint covers crimes against the Rohingya (2016-2017), the 2021 coup, and post-coup atrocities. It was filed based on Germany's Code of Crimes Against International Law (VStGB) which allows prosecution regardless of the nationality of perpetrators or victims. The complaint was supported by the Independent Investigative Mechanism for Myanmar (IIMM).",German VStGB — Weltrechtsprinzip | IIMM evidence sharing | Pre- and post-coup crimes | Rohingya genocide + coup crimes combined,,Fortify Rights (https://www.fortifyrights.org); RFK Human Rights (https://rfkhumanrights.org),,,,,,,0,
germany-yazidi-genocide-taha,Taha Al-J. (Yazidi Genocide — Germany),N/A,Germany,Frankfurt Higher Regional Court,2021-11-30,2021,Iraq,Genocide; Crimes against humanity; War crimes; Murder; Aiding human trafficking,Universal jurisdiction,criminal,Life imprisonment — first-ever Yazidi genocide conviction worldwide,conviction,No,German,ZBKV,"In a historic verdict, Taha Al-J., a former ISIS member, was sentenced to life imprisonment for genocide against the Yazidi community. He was convicted of purchasing a Yazidi woman and her 5-year-old daughter as slaves in 2015, and chaining the child outside in extreme heat as punishment, leading to her death. This was the first conviction worldwide for genocide against the Yazidis. The case used cumulative charges combining international crimes (genocide) with domestic terrorism-related offenses. The verdict established that ISIS's systematic campaign against the Yazidis constituted genocide under German and international law.",First Yazidi genocide conviction worldwide | Cumulative charges — genocide + terrorism | Slavery as crime against humanity | Child victim — aggravating factor,"https://dejure.org/2022,39833",ECCHR (https://www.ecchr.eu); Yazda (https://www.yazda.org),,,,,,,2,Amnesty — World's first Yazidi genocide judgment: https://www.amnesty.org/en/latest/news/2021/11/germany-iraq-worlds-first-judgment-on-crime-of-genocide-against-the-yazidis/ | Doughty Street — BGH confirms genocide conviction: https://www.doughtystreet.co.uk/news/german-federal-court-justice-confirms-first-ever-conviction-isis-member-genocide | ICCT — Taha Al-J. case: https://interlinkagesdatabase.icct.nl/case/taha-al-j-5-3-ste-1-20-4-1-20-3-str-230-22
germany-yazidi-jennifer-w,Jennifer W. (Yazidi — Germany),N/A,Germany,Munich Higher Regional Court,2021-10-25,2021,Iraq,Crimes against humanity; War crimes; Membership in terrorist organization; Murder,Active nationality / Universal jurisdiction,criminal,Convicted — 10 years imprisonment,conviction,No,German,ZBKV,"German national Jennifer W. was convicted for crimes against humanity and murder for her involvement in the enslavement of a Yazidi woman and her daughter while she was an ISIS member in Iraq. The case combined terrorism charges (membership in a terrorist organization) with international crimes charges (crimes against humanity, war crimes). This cumulative approach allowed prosecutors to address both the terrorism and atrocity dimensions of ISIS crimes, setting an important precedent for integrated prosecution strategies.",Cumulative terrorism + CAH charges | German national — ISIS member | Yazidi enslavement | Integrated prosecution strategy,"https://dejure.org/2023,39218",ECCHR (https://www.ecchr.eu); Yazda (https://www.yazda.org),,,,,,,4,The Guardian — German court jails IS woman for Yazidi girl's death: https://www.theguardian.com/world/2021/oct/25/german-court-jails-is-woman-for-yazidi-girls-death-in-iraq | Nadia's Initiative — Jennifer W. sentenced: https://www.nadiasinitiative.org/news/german-isis-member-sentenced-to-an-extended-prison-term | ICCT — Interlinkages Database: https://interlinkagesdatabase.icct.nl/ | UJAR 2025: https://trialinternational.org/universal-jurisdiction-tools/universal-jurisdiction-annual-review-ujar/ | Eurojust — Core International Crimes Database: https://www.eurojust.europa.eu/national-jurisprudence-database-core-international-crimes
germany-jalda-a-yazidi,Jalda A. (Yazidi Slavery — Germany),N/A,Germany,Düsseldorf Higher Regional Court,2023-07-01,2023,Iraq,Crimes against humanity; War crimes; Membership in terrorist organization,Universal jurisdiction,criminal,Convicted,conviction,No,German,ZBKV,"Convicted for crimes against humanity including the enslavement of Yazidi women and children while a member of ISIS. The case is part of Germany's structural investigation into ISIS crimes against the Yazidi community, which has produced multiple convictions using a cumulative charges approach combining terrorism and international crimes.",Cumulative terrorism + international crimes | Yazidi enslavement | Structural investigation,,Yazda (https://www.yazda.org),,,,,,,0,BBC — Woman jailed in Germany for keeping Yazidi slave: https://www.bbc.com/news/world-europe-65981397
netherlands-cumulative-isis,Multiple ISIS Returnees (Netherlands — Cumulative Charges),Multiple,Netherlands,The Hague District Court,2023-01-01,2023,Syria,War crimes; Crimes against humanity; Terrorism; Participation in terrorist organization,Universal jurisdiction / Active nationality,criminal,Multiple convictions,conviction,No,Dutch,,"The Netherlands has pioneered cumulative charging of ISIS returnees for both terrorism offenses and international crimes. Dutch prosecutors have increasingly added war crimes and crimes against humanity charges alongside terrorism charges, reflecting a shift from treating ISIS solely as a terrorism problem to recognizing the atrocity dimension of ISIS crimes. This approach ensures more comprehensive accountability and longer sentences.",Cumulative terrorism + war crimes charges | ISIS returnee prosecution model | Dutch prosecutorial innovation | Comprehensive accountability approach,,,,,,,,,0,
sweden-cumulative-isis,Lina Ishaq (ISIS — Sweden — Cumulative Charges),N/A,Sweden,Gothenburg District Court,2023-01-01,2023,Iraq,War crimes; Crimes against humanity; Terrorism,Universal jurisdiction / Active nationality,criminal,Convicted,conviction,No,Swedish,,"Swedish courts have used cumulative charges combining terrorism and international crimes charges for ISIS returnees. This approach, advocated by ICCT and other think tanks, ensures that the atrocity dimension of ISIS crimes is not lost in terrorism-only prosecutions. The cumulative approach has been particularly important for ensuring recognition of the Yazidi genocide and for providing justice to victims of specific atrocities.",Swedish cumulative charging model | Terrorism + atrocity crimes integration | Yazidi-focused prosecution,https://www.domstol.se/stockholms-tingsratt/nyheter/2025/02/dom-i-mal-om-folkratsbrott-brott-mot-manskligheten-och-folkmord/,,,,,,,,0,Free Yezidi Foundation — Swedish court recognizes ISIS genocide: https://freeyezidi.org/news-updates/historic-conviction-swedish-court-recognizes-isis-crimes-as-genocide/ | Al Jazeera — Woman jailed in Sweden for keeping Yazidi slaves: https://www.aljazeera.com/news/2025/2/11/woman-jailed-in-sweden-for-keeping-yazidi-slaves-in-syria
france-cumulative-isis-yazidi,Nabil Greseque (Yazidi Genocide Investigation — France),N/A,France,Paris Judicial Court,2023-01-01,2023,Iraq,Genocide; Crimes against humanity; Terrorism,Universal jurisdiction,criminal,Investigation ongoing,ongoing,No,French,OCLCH,"French investigation into genocide and crimes against humanity against the Yazidi minority, targeting Nabil Greseque. France has opened investigations combining terrorism charges with genocide and crimes against humanity charges for ISIS-related crimes against the Yazidis, following the cumulative charges approach pioneered by Germany.",French Yazidi genocide investigation | Cumulative charges — French model | OCLCH + anti-terrorism coordination,,,,,,,,,0,
cm-kunti-kamara-appeal,Kunti Kamara (Appeal — France),N/A,France,Paris Court of Appeal,2024-07-03,2024,Liberia,Complicity in crimes against humanity; Torture; Acts of barbarism,Universal jurisdiction,criminal,Life sentence confirmed on appeal,conviction,No,French,OCLCH,"The Paris Court of Appeal confirmed the life sentence of Kunti Kamara, a former ULIMO faction commander, for complicity in crimes against humanity during the first Liberian civil war. Civitas Maxima played a central role in the investigation, victim support, and trial monitoring. The appeal confirmation marks a landmark for Liberian justice and validates the bottom-up investigative approach pioneered by Civitas Maxima and its sister organization the Global Justice and Research Project (GJRP).",Appeal confirmation of life sentence | Civitas Maxima bottom-up investigation | Liberian civil war accountability | Victim participation in French UJ,https://competenceuniverselle.amnesty.fr/affaire/kunti-kamara/,Civitas Maxima (https://www.civitas-maxima.org); GJRP (https://www.globaljustice-research.org),Liberian victim communities,,,,,,0,FrontPageAfrica — French Court of Appeal upholds guilty verdict: https://frontpageafricaonline.com/liberia-war-crimes-trial/liberia-french-court-of-appeal-upholds-guilty-verdict-for-liberian-warlord-2/ | RFI — Former Liberian rebel commander appeals life sentence: https://www.rfi.fr/en/africa/20240305-former-liberian-rebel-commander-appeals-life-sentence-for-war-crimes
cm-martina-johnson,Martina Johnson (Liberia — Belgium),N/A,Belgium,Brussels Courts,2023-01-01,2023,Liberia,War crimes; Crimes against humanity,Universal jurisdiction,criminal,Conditional release — proceedings ongoing,ongoing,No,French,,"Martina Johnson, a former commander in Charles Taylor's NPFL faction during the first Liberian civil war, was arrested in Belgium in 2014 and charged with war crimes and crimes against humanity. She was placed on conditional release pending trial. Civitas Maxima has been central in building the case, documenting crimes, and supporting Liberian victims. The case is significant as one of the few prosecutions targeting a female commander for international crimes.",Female commander prosecution | NPFL crimes — Belgium UJ | Civitas Maxima investigation,,Civitas Maxima (https://www.civitas-maxima.org); GJRP (https://www.globaljustice-research.org),,,,,,,0,
cm-agnes-taylor-uk,Agnes Taylor (Liberia — United Kingdom),N/A,United Kingdom,"Central Criminal Court, London",2023-01-01,2023,Liberia,Torture; Conspiracy to commit torture,Universal jurisdiction,criminal,Case dismissed,other,No,English,,"Agnes Taylor, ex-wife of former Liberian President Charles Taylor and a former NPFL member, was charged in the UK with seven counts of torture and one count of conspiracy to commit torture during the Liberian civil war. The historic case was dismissed by the Central Criminal Court in London. Despite the dismissal, the case was significant as one of the first UK prosecutions for Liberian civil war crimes and raised important questions about evidence standards in UJ cases. Civitas Maxima supported the investigation.",UK prosecution for Liberian torture | Evidence challenges in UJ | NPFL leadership accountability,https://www.bailii.org/uk/cases/UKSC/2019/51.html,Civitas Maxima (https://www.civitas-maxima.org),,,,,,,0,
cm-jabbateh-jungle-jabbah,Mohammed Jabbateh 'Jungle Jabbah' (Liberia — USA),N/A,United States,"U.S. District Court, Eastern District of Pennsylvania",2018-04-19,2018,Liberia,Immigration fraud; Perjury,Immigration fraud (proxy for war crimes),criminal,30 years imprisonment,conviction,No,English,,"Mohammed Jabbateh, a former ULIMO-K faction commander known as 'Jungle Jabbah,' was sentenced to 30 years — the maximum possible — for immigration fraud and perjury for lying about his role in atrocities during Liberia's civil wars. Though charged with immigration offenses (the US lacks a comprehensive UJ framework for war crimes), the trial extensively documented war crimes including murders, rapes, and use of child soldiers. Civitas Maxima provided crucial evidence and victim testimony. The 30-year sentence — one of the longest for immigration fraud in US history — reflected the gravity of the underlying crimes.",Immigration fraud as proxy for war crimes | Maximum sentence reflecting gravity of crimes | Civitas Maxima evidence collection | US accountability limitations,,Civitas Maxima (https://www.civitas-maxima.org); GJRP (https://www.globaljustice-research.org),,,,,,,0,DOJ — 'Jungle Jabbah' sentenced to 30 years: https://www.justice.gov/usao-edpa/pr/former-liberian-war-lord-known-jungle-jabbah-sentenced-30-years-prison-immigration
cm-woewiyu-npfl,Thomas Woewiyu (Liberia — USA),N/A,United States,"U.S. District Court, Eastern District of Pennsylvania",2018-07-01,2018,Liberia,Immigration fraud; Perjury,Immigration fraud (proxy for war crimes),criminal,Convicted — died before sentencing,conviction,No,English,,"Thomas Jucontee Woewiyu, former spokesperson and co-founder of Charles Taylor's NPFL, was convicted of 11 counts of immigration fraud for concealing his role as an NPFL leader when applying for US immigration benefits. He died in 2022 before sentencing. The trial documented extensive NPFL atrocities during the first Liberian civil war. Civitas Maxima monitored the trial and provided background evidence.",NPFL leadership prosecution | Immigration fraud conviction | Death before sentencing,,Civitas Maxima (https://www.civitas-maxima.org),,,,,,,0,DOJ — Woewiyu convicted of immigration fraud: https://www.justice.gov/usao-edpa/pr/liberian-war-criminal-living-delaware-county-convicted-immigration-fraud-and-perjury
cm-bill-horace-liberia,Bill Horace (Liberia — France),N/A,France,Paris Judicial Court,2019-09-01,2019,Liberia,Complicity in crimes against humanity; Torture; Acts of barbarism,Universal jurisdiction,criminal,Investigation ongoing,ongoing,No,French,OCLCH,"Investigation into Bill Horace, an alleged former NPFL commander, for complicity in crimes against humanity during the Liberian civil wars. Arrested in France, the case was built on evidence collected by Civitas Maxima and the Global Justice and Research Project. The case is part of the broader French investigations into Liberian civil war crimes alongside the Kunti Kamara and Saturday T. cases.",NPFL commander investigation | Civitas Maxima-led evidence | French UJ — Liberian crimes,,Civitas Maxima (https://www.civitas-maxima.org); GJRP (https://www.globaljustice-research.org),,,,,,,0,
cm-sierra-leone-investigations,Sierra Leone Civil War Investigations (Multiple),Multiple,"Multiple (Finland, Switzerland, Belgium)",Various courts,2023-01-01,2023,Sierra Leone,War crimes; Crimes against humanity,Universal jurisdiction,criminal,Multiple investigations ongoing,ongoing,No,Multiple,,"Civitas Maxima has supported multiple universal jurisdiction investigations across Europe relating to the Sierra Leone civil war (1991-2002). Working with its sister organization the Global Justice and Research Project (GJRP) based in Monrovia, Civitas Maxima identifies suspects living in Europe, documents crimes with victims and witnesses in Sierra Leone, and files complaints with national prosecutors. Cases include the Massaquoi trial in Finland and ongoing investigations in Switzerland and Belgium.",Multi-jurisdictional West African investigations | Bottom-up investigative methodology | GJRP field investigations,,Civitas Maxima (https://www.civitas-maxima.org); GJRP (https://www.globaljustice-research.org); No Peace Without Justice (https://www.npwj.org),,,,,,,0,
france-ngenzi-barahira,Octavien Ngenzi & Tito Barahira (Rwanda),N/A,France,Paris Assize Court,2016-07-06,2016,Rwanda,Genocide; Crimes against humanity,Universal jurisdiction (TPIR law 1996),criminal,Life imprisonment (both defendants),conviction,No,French,OCLCH,"Octavien Ngenzi, former mayor of Kabarondo, and Tito Barahira, former mayor of Kabarondo as well, were convicted of genocide and crimes against humanity for their role in the massacre of thousands of Tutsi refugees sheltering in Kabarondo church on April 13, 1994. Both received life sentences. Their convictions were upheld on appeal in 2018. The case was brought by CPCR (Collectif des parties civiles pour le Rwanda) founded by Alain and Dafroza Gauthier. It was the second French trial for the Rwandan genocide after Simbikangwa.",Genocide — church massacre | Bourgmestre (mayor) responsibility | Appeal confirmed life sentences | CPCR victim representation,,CPCR (https://www.collectifpartiescivilesrwanda.fr); Ibuka (https://ibuka.fr),CPCR; Ibuka,,,,,,2,"CPCR — Collectif des parties civiles pour le Rwanda (chroniques d audience, arrêts, lettres de motivation): https://www.collectifpartiescivilesrwanda.fr/proces/ | FIDH — Two convictions in France's second trial of Rwandan genocidaires: https://www.fidh.org/en/region/Africa/rwanda/two-convictions-in-france-s-second-trial-of-rwandan-genocidaires | CPCR — Ngenzi & Barahira: https://www.collectifpartiescivilesrwanda.fr/octavien-ngenzi/ | Amnesty France — Compétence universelle: https://competenceuniverselle.amnesty.fr/ | UJAR 2025: https://trialinternational.org/universal-jurisdiction-tools/universal-jurisdiction-annual-review-ujar/"
france-bucyibaruta-rwanda,Laurent Bucyibaruta (Rwanda),N/A,France,Paris Assize Court,2022-07-04,2022,Rwanda,Genocide; Complicity in genocide; Complicity in crimes against humanity,Universal jurisdiction (TPIR law 1996),criminal,20 years imprisonment,conviction,No,French,OCLCH,"Laurent Bucyibaruta, former prefect of Gikongoro province in southern Rwanda, was convicted of complicity in genocide and crimes against humanity for his role during the 1994 genocide. As prefect, he had authority over local administrators and security forces in a province where some of the worst massacres occurred, including at Murambi school where approximately 50,000 Tutsi were killed. He had been living in France since 1997. The CPCR filed the initial complaint.",Prefect-level accountability | Administrative complicity in genocide | Murambi massacre | 20-year sentence for complicity,,CPCR (https://www.collectifpartiescivilesrwanda.fr); FIDH (https://www.fidh.org),CPCR; Ibuka,,,,,,0,"CPCR — Collectif des parties civiles pour le Rwanda (chroniques d audience, arrêts, lettres de motivation): https://www.collectifpartiescivilesrwanda.fr/proces/ | FIDH — Bucyibaruta sentenced for 1994 massacres of Tutsis: https://www.fidh.org/en/region/Africa/rwanda/Bucyibaruta-case-former-prefect-sentenced-for-massacres-of-tutsis | Le Monde — Bucyibaruta sentenced to 20 years: https://www.lemonde.fr/en/le-monde-africa/article/2022/07/13/laurent-bucyibaruta-sentenced-to-20-years-for-complicity-in-rwandan-genocide_5990018_124.html | CPCR — Bucyibaruta: https://www.collectifpartiescivilesrwanda.fr/laurent-bucyibaruta/ | Amnesty France — Compétence universelle: https://competenceuniverselle.amnesty.fr/ | UJAR 2025: https://trialinternational.org/universal-jurisdiction-tools/universal-jurisdiction-annual-review-ujar/"
france-muhayimana-rwanda,Claude Muhayimana (Rwanda),N/A,France,Cour d'assises de Paris (appel),2026-03-02,2026,Rwanda,Complicity in genocide; Complicity in crimes against humanity,Universal jurisdiction,criminal,14 years imprisonment — confirmed on appeal,conviction,No,French,OCLCH,"Claude Muhayimana, a Franco-Rwandan bus driver living in Rouen since 1999, was convicted of complicity in genocide and crimes against humanity for transporting Interahamwe militiamen to massacre sites on the hills of Karongi, Gitwa and Bisesero (Kibuye prefecture) during the 1994 genocide. First convicted in December 2021 (14 years), his conviction was confirmed on appeal on March 2, 2026, by the Paris Cour d'assises. He was acquitted of direct participation charges. The appeal motivation letter provides detailed analysis of witness testimony, expert historians, and the establishment of the genocide in the Kibuye region.",Transport as complicity in genocide | Bisesero massacres | Driver liability for mass atrocities | Distinction between direct participation and complicity | Detailed judicial motivation under Article 365-1 CPP,/documents/260302-motivation-appel-Muhayimana.pdf,CPCR (https://www.collectifpartiescivilesrwanda.fr); Ibuka (https://ibuka.fr),CPCR; Ibuka,,,,,,2,"CPCR — Collectif des parties civiles pour le Rwanda (chroniques d audience, arrêts, lettres de motivation): https://www.collectifpartiescivilesrwanda.fr/proces/ | CPCR — Muhayimana appeal: https://www.collectifpartiescivilesrwanda.fr/en/proces-en-appel-claude-muhayimana/ | CPCR — Muhayimana first trial: https://www.collectifpartiescivilesrwanda.fr/claude-muhayimana/ | TRIAL International: https://trialinternational.org/latest-post/claude-muhayimana/"
france-munyeshyaka-rwanda,Wenceslas Munyeshyaka (Rwanda — Non-lieu),N/A,France,Paris Court of Appeal,2019-06-01,2019,Rwanda,Genocide; Crimes against humanity,Universal jurisdiction (TPIR law 1996),criminal,Non-lieu (dismissed),other,No,French,,"Father Wenceslas Munyeshyaka, a Catholic priest from Kigali's Sainte-Famille church, was accused of genocide and crimes against humanity during the 1994 genocide. Despite extensive evidence, including an ICTR indictment transferred to France, investigating judges issued a non-lieu (dismissal). The case was highly controversial and criticized by human rights organizations and the Rwandan government. It exemplified the early difficulties of French universal jurisdiction proceedings for Rwanda.",Non-lieu despite ICTR transfer | Controversial dismissal | Catholic Church involvement | Early French UJ limitations,,CPCR (https://www.collectifpartiescivilesrwanda.fr); FIDH (https://www.fidh.org),,,,,,,1,
france-mbarushimana-rwanda,Callixte Mbarushimana (Rwanda — FDLR),N/A,France,Paris Judicial Court,2023-01-01,2023,Rwanda,Genocide; Crimes against humanity,Universal jurisdiction (TPIR law 1996),criminal,Investigation ongoing,ongoing,No,French,OCLCH,"Callixte Mbarushimana, former executive secretary of the FDLR (Forces démocratiques de libération du Rwanda), is under investigation in France for genocide and crimes against humanity. He had previously been arrested and transferred to the ICC for DRC-related crimes but was released due to insufficient evidence. The French investigation focuses on his alleged role during the 1994 genocide in Rwanda.",FDLR leadership accountability | Post-ICC French prosecution | Genocide charges,,CPCR (https://www.collectifpartiescivilesrwanda.fr),,,,,,,1,
france-neretse-rwanda,Fabien Neretse (Rwanda — Belgium/France),N/A,France,Paris Judicial Court,2023-01-01,2023,Rwanda,Genocide; Crimes against humanity,Universal jurisdiction (TPIR law 1996),criminal,Investigation ongoing (convicted in Belgium),ongoing,No,French,,"Fabien Neretse (alias Fabien Nsabimana) is under investigation in France for genocide. Separately, he was convicted in Belgium in 2023 and sentenced to 25 years for his role in the genocide. The parallel proceedings illustrate multi-jurisdictional accountability for Rwanda.",Multi-jurisdictional prosecution | Belgian conviction + French investigation,,CPCR (https://www.collectifpartiescivilesrwanda.fr),,,,,,,0,
france-habyarimana-widow,Agathe Habyarimana (Widow of President — Non-lieu),N/A,France,Paris Court of Appeal,2023-01-01,2023,Rwanda,Complicity in genocide; Complicity in crimes against humanity,Universal jurisdiction (TPIR law 1996),criminal,Non-lieu (dismissed),other,No,French,,"Agathe Kanziga Habyarimana, widow of assassinated Rwandan President Juvénal Habyarimana, was accused of complicity in genocide for her alleged role in the Hutu Power movement and planning of the genocide. She had lived in France since 1998 under asylum. Despite complaints from CPCR, investigating judges issued a non-lieu. The case was significant for its political dimensions and the debate over the role of the Habyarimana family in the genocide.",Presidential family accountability | Hutu Power leadership | Non-lieu — evidentiary challenges,,CPCR (https://www.collectifpartiescivilesrwanda.fr),,,,,,,0,
france-bnp-paribas-rwanda,BNP Paribas (Rwanda — Complicity in Genocide),N/A,France,Paris Judicial Court,2023-01-01,2023,Rwanda,Complicity in genocide; Complicity in crimes against humanity; Complicity in war crimes,Universal jurisdiction (TPIR law 1996),criminal,Investigation ongoing,ongoing,Yes,French,,"BNP Paribas is under investigation for complicity in the 1994 Rwandan genocide following a complaint by Ibuka France and Sherpa. The bank allegedly facilitated a $1.3 million transfer in June 1994 to a Swiss arms dealer, which was used to purchase weapons for the interim Rwandan government during the genocide. The case represents one of the most significant corporate accountability proceedings for the Rwandan genocide.",Banking complicity in genocide | Arms trade financing | Corporate accountability — Rwanda | Transfer during active genocide,,Sherpa (https://www.asso-sherpa.org); Ibuka (https://ibuka.fr),,,,,,,0,"CPCR — Collectif des parties civiles pour le Rwanda (chroniques d audience, arrêts, lettres de motivation): https://www.collectifpartiescivilesrwanda.fr/proces/ | Amnesty France — Compétence universelle: https://competenceuniverselle.amnesty.fr/"
france-banque-france-rwanda,Banque de France (Rwanda — Complicity in Genocide),N/A,France,Paris Judicial Court,2024-01-01,2024,Rwanda,Complicity in genocide; Complicity in crimes against humanity,Universal jurisdiction,criminal,Complaint filed,ongoing,Yes,French,,"CPCR filed a new complaint against the Banque de France for complicity in the Rwandan genocide, alleging that the institution facilitated financial transactions that supported the genocidal regime. This follows the BNP Paribas complaint and expands the corporate accountability frontier for the 1994 genocide.",Central bank accountability | Financial complicity in genocide | Institutional responsibility,,CPCR (https://www.collectifpartiescivilesrwanda.fr),,,,,,,0,
france-kayondo-rwanda,Pierre Kayondo (Rwanda — Sent to Trial),N/A,France,Paris Assize Court,2025-01-01,2025,Rwanda,Genocide; Crimes against humanity,Universal jurisdiction (TPIR law 1996),criminal,Sent to trial,ongoing,No,French,OCLCH,Pierre Kayondo was referred to the Paris Assize Court for trial on genocide and crimes against humanity charges related to the 1994 Rwandan genocide. He is among the latest in a series of suspects living in France to be sent to trial by the OCLCH and PNAT.,Latest French Rwanda referral | OCLCH ongoing investigations,,CPCR (https://www.collectifpartiescivilesrwanda.fr),,,,,,,0,
france-operation-turquoise,Opération Turquoise (French Military — Rwanda),N/A,France,Paris Judicial Court,2023-01-01,2023,Rwanda,Complicity in genocide; Complicity in crimes against humanity; Rape,Active personality (French soldiers),criminal,Investigation ongoing,ongoing,No,French,,"Investigation into alleged crimes committed by French military personnel during Opération Turquoise in Rwanda (June-August 1994). Complaints include allegations of complicity in genocide through failure to protect Tutsi refugees, and sexual violence against Rwandan women. The case is politically sensitive as it directly implicates the French military's role during the genocide and is linked to broader questions about France's responsibility.",French military accountability | Opération Turquoise role | State complicity allegations | Sexual violence by peacekeepers,,FIDH (https://www.fidh.org); Survie (https://survie.org),,,,,,,0,"CPCR — Collectif des parties civiles pour le Rwanda (chroniques d audience, arrêts, lettres de motivation): https://www.collectifpartiescivilesrwanda.fr/proces/ | Amnesty France — Compétence universelle: https://competenceuniverselle.amnesty.fr/"
france-arms-delivery-rwanda,French Arms Deliveries to Rwanda (1994),N/A,France,Paris Judicial Court,2023-01-01,2023,Rwanda,Complicity in genocide; Complicity in crimes against humanity,Active personality,criminal,Investigation ongoing,ongoing,No,French,,"Investigation into the alleged delivery of French arms to the Rwandan government during the 1994 genocide, despite an international arms embargo. Complaints allege that French officials authorized weapons transfers that directly facilitated the genocide. The case is part of the broader accountability efforts regarding France's role during the Rwandan genocide.",Arms embargo violation | State complicity through arms transfers | French responsibility,,Survie (https://survie.org); FIDH (https://www.fidh.org),,,,,,,0,
belgium-butare-four,Butare Four (Belgium — First UJ Conviction),N/A,Belgium,Brussels Assize Court,2001-06-08,2001,Rwanda,War crimes; Genocide,Universal jurisdiction (1993 Belgian UJ law),criminal,Convicted (12-20 years; 2 life sentences),conviction,No,French,,"The 'Butare Four' trial was the first case in which a Belgian court convicted persons for crimes committed abroad under international law. The four defendants — Vincent Ntezimana (university professor, 12 years), Alphonse Higaniro (SORWAL factory director, 20 years), and Benedictine nuns Sister Gertrude (Consolata Mukangango, 15 years) and Sister Kizito (Julienne Mukabutera, 12 years) — were convicted for their roles in massacres in the Butare prefecture. The nuns were found to have helped Interahamwe militiamen identify Tutsi refugees sheltering in their convent. The case established Belgian courts as a key forum for universal jurisdiction prosecutions.",First Belgian UJ conviction | Religious leaders' accountability | 1993 Belgian UJ law application | Landmark for European UJ,,,,,,,,,1,UJAR 2025: https://trialinternational.org/universal-jurisdiction-tools/universal-jurisdiction-annual-review-ujar/
belgium-ntuyahaga-rwanda,Bernard Ntuyahaga (Rwanda — Belgium),N/A,Belgium,Brussels Assize Court,2007-07-05,2007,Rwanda,War crimes; Murder of Belgian peacekeepers,Passive personality / Universal jurisdiction,criminal,20 years imprisonment,conviction,No,French,,"Former Rwandan army Major Bernard Ntuyahaga was convicted for his role in the murder of ten Belgian UN peacekeepers (UNAMIR Blue Helmets) on April 7, 1994, the first day of the genocide. He had been transferred from the ICTR to Belgium for prosecution. The case was significant as it involved Belgian victims and linked the start of the genocide to the murder of peacekeepers protecting Prime Minister Agathe Uwilingiyimana.",Murder of UN peacekeepers | ICTR transfer to national courts | Passive personality jurisdiction | Start of genocide,,,,,,,,,1,
belgium-neretse-rwanda,Fabien Neretse (Rwanda — Belgium),N/A,Belgium,Brussels Assize Court,2023-12-01,2023,Rwanda,Genocide; War crimes; Murder,Universal jurisdiction / Passive personality,criminal,25 years imprisonment,conviction,No,French,,"Fabien Neretse was convicted by a Brussels Assize Court for genocide and war crimes, including the murder of Belgian nationals, during the 1994 Rwandan genocide. He was found guilty of organizing attacks in the Mataba commune and directly participating in killings. The case was significant as the charges included the murder of Belgian citizens, providing a passive personality jurisdictional basis alongside universal jurisdiction.",Belgian nationals murdered in genocide | Combined UJ and passive personality | 25-year sentence,,,,,,,,,1,UJAR 2025: https://trialinternational.org/universal-jurisdiction-tools/universal-jurisdiction-annual-review-ujar/ | RTBF — Neretsé condamné à 25 ans: https://www.rtbf.be/article/proces-rwanda-fabien-neretse-condamne-a-25-ans-de-reclusion-pour-crime-de-genocide-une-premiere-en-belgique-10393496
belgium-niyonteze-rwanda,Fulgence Niyonteze (Rwanda — Switzerland/Belgium),N/A,Switzerland,Swiss Military Tribunal / Military Court of Appeal,1999-04-30,1999,Rwanda,Murder; Incitement to murder; War crimes,Universal jurisdiction,criminal,14 years imprisonment (reduced on appeal),conviction,No,French,,"Fulgence Niyonteze, a former bourgmestre (mayor) of Mushubati commune, was the first person convicted under universal jurisdiction for the Rwandan genocide in Europe. He was tried by a Swiss military tribunal, which had jurisdiction over war crimes. Initially sentenced to life, his sentence was reduced to 14 years on appeal. The case predated both the Belgian Butare Four trial and all subsequent European UJ proceedings for Rwanda.",First European UJ conviction for Rwanda | Swiss military tribunal jurisdiction | Bourgmestre accountability | Sentence reduced on appeal,,TRIAL International (https://trialinternational.org),,,,,,,0,
colvin-ochlik-syria-france,Marie Colvin & Rémi Ochlik (Syria — Deliberate Killing of Journalists),N/A,France,Paris Judicial Court (Investigating judges),2022-01-01,2022,Syria,War crimes; Crimes against humanity,Nationality principle (Ochlik was French) + universal jurisdiction,criminal,"Ongoing (investigation — 7 arrest warrants issued, incl. Bashar al-Assad)",ongoing,No,French,,"French judicial investigation into the deliberate shelling of an informal press centre in the Baba Amr district of Homs on 22 February 2012, which killed American journalist Marie Colvin and French photojournalist Rémi Ochlik, and wounded French journalist Edith Bouvier and British photographer Paul Conroy. A joint RSF–SIRAJ investigation (2026) confirmed the strike was premeditated: Assad regime intelligence tracked the journalists' satellite signals, an informant identified the press centre's location, and a strategic meeting of senior military and intelligence officers planned the attack the evening before. A former officer of the 64th Artillery Regiment heard the fire order and the radio confirmation 'the shot is on target.' Seven international arrest warrants have been issued, including against former president Bashar al-Assad and intelligence chief Ali Mamlouk. RSF is a civil party in the proceedings. The case may constitute a crime against humanity as the attack was part of a widespread crackdown on civilians and targeted journalists for their reporting.",Deliberate targeting of journalists as war crime | Crimes against humanity — persecution of press | Nationality-based jurisdiction (French victim) | International arrest warrants for heads of state | Premeditated military targeting of civilian press centre,,RSF — Reporters Without Borders (https://rsf.org); SIRAJ — Syrian Investigative Reporting for Accountability Journalism (https://sirajsy.net),,,,,,,0,RSF investigation (Feb 2026): https://rsf.org/en/shot-target-new-investigation-international-crime-killed-journalists-marie-colvin-and-r%C3%A9mi | SIRAJ investigation: https://sirajsy.net/the-shot-is-on-target-new-evidence-exposes-assad-regimes-deliberate-killing-of-journalists-marie-colvin-and-remi-ochlik-in-homs/
amnesty-fr-khaled-n-algeria,Khaled N. (Algeria — Torture),N/A,France,Paris Judicial Court (Pôle crimes contre l'humanité),2010-01-01,2010,Algeria,Torture; Acts of barbarism,Universal jurisdiction (art. 689-2 CPP),criminal,Dismissed (classé sans suite),other,No,French,OCLCH,Complaint filed by a victim against Khaled N. for acts of torture and barbarism committed in Algeria. The case was classified without follow-up (classé sans suite) under the French universal jurisdiction framework based on the Convention Against Torture (Régime 2 — art. 689-1 CPP).,Convention Against Torture — universal jurisdiction | Classé sans suite,,,,,,,,https://competenceuniverselle.amnesty.fr/,0,
amnesty-fr-relizane-algeria,Milices de Relizane (Algeria),N/A,France,Paris Judicial Court (Pôle crimes contre l'humanité),2003-01-01,2003,Algeria,Torture; Acts of barbarism,Universal jurisdiction (art. 689-2 CPP),criminal,No case to answer (non-lieu),other,No,French,OCLCH,"NGO and victim complaint against Hocine M. and Abdelkader M., members of pro-government militias in Relizane, Algeria, accused of torture and acts of barbarism. After investigation, the case resulted in a non-lieu (no case to answer) under the Convention Against Torture framework.",Convention Against Torture — universal jurisdiction | Non-lieu,,FIDH (https://www.fidh.org),,,,,,https://competenceuniverselle.amnesty.fr/,0,
amnesty-fr-aussaresses-algeria,Paul Aussaresses (Algeria — French Torture during Algerian War),N/A,France,Paris Judicial Court,2001-01-01,2001,Algeria,Crimes against humanity,Active personality (art. 113-6 CP),criminal,Refusal to investigate (refus d'informer),other,No,French,,"NGO and victim complaint against French General Paul Aussaresses for crimes against humanity committed during the Algerian War, based on his own public admissions of torture and summary executions. The French courts refused to open an investigation (refus d'informer). The case highlighted the limits of French jurisdiction over crimes committed during the colonial period.",Active personality principle | Colonial-era crimes | Refus d'informer,,FIDH (https://www.fidh.org); LDH (https://www.ldh-france.org),,,,,,https://competenceuniverselle.amnesty.fr/,0,
amnesty-fr-khashoggi-saudi,Mohammed B.S. & Ahmed A.-A. (Jamal Khashoggi Killing),N/A,France,Paris Judicial Court (Pôle crimes contre l'humanité),2019-01-01,2019,Saudi Arabia,Torture; Acts of barbarism; Complicity in enforced disappearance,Universal jurisdiction (art. 689-2 CPP),criminal,Dismissed (classé sans suite),other,No,French,OCLCH,"NGO complaint filed in France in connection with the murder and dismemberment of journalist Jamal Khashoggi at the Saudi consulate in Istanbul in October 2018. The complaint targeted Saudi Crown Prince Mohammed bin Salman (MBS) and intelligence official Ahmed al-Asiri for torture, acts of barbarism, and complicity in enforced disappearance. The case was classified without follow-up.",Convention Against Torture — universal jurisdiction | Head-of-state immunity challenges | Classé sans suite,,RSF — Reporters Without Borders (https://rsf.org),,,,,,https://competenceuniverselle.amnesty.fr/,0,
amnesty-fr-astiz-argentina,Alfredo Ignacio Astiz (Argentina — Dirty War),N/A,France,Paris Assize Court,1990-01-01,1990,Argentina,Arbitrary arrest; Unlawful detention; Torture; Acts of barbarism,Passive personality (art. 113-7 CP — French victims),criminal,Convicted in absentia (life imprisonment),conviction,No,French,,"French trial of Argentine naval officer Alfredo Astiz for the kidnapping, torture, and murder of two French nuns — Alice Domon and Léonie Duquet — during Argentina's Dirty War (1976–1983). Astiz was convicted in absentia by the Paris Assize Court and sentenced to life imprisonment. Argentina refused to extradite him.",Passive personality jurisdiction (French victims) | In absentia conviction | Dirty War accountability,,ACAT (https://www.acatfrance.fr),,,,,,https://competenceuniverselle.amnesty.fr/,1,
amnesty-fr-cambodge-ung-boun-hor,Assassination of Ung Boun Hor (Cambodia — Khmer Rouge),N/A,France,Paris Judicial Court,1999-01-01,1999,Cambodia,Crimes against humanity; Murder; Torture; Acts of barbarism,Passive personality (art. 113-7 CP — French victim),criminal,No case to answer (non-lieu),other,No,French,,"Victim complaint concerning the killing of Franco-Cambodian parliamentarian Ung Boun Hor during the Khmer Rouge regime. The complaint charged crimes against humanity, murder, and torture. After investigation, the case resulted in a non-lieu. The suspected perpetrators were not identified.",Passive personality principle | Khmer Rouge crimes | Non-lieu — perpetrators unidentified,,,,,,,,https://competenceuniverselle.amnesty.fr/,1,
amnesty-fr-chile-junte,Members of the Chilean Military Junta (Operation Condor),N/A,France,Paris Assize Court,2010-01-01,2010,Chile,Arbitrary arrest; Unlawful detention; Torture; Acts of barbarism,Passive personality (art. 113-6/113-7 CP — French victims),criminal,Partially convicted in absentia,conviction,No,French,,"Long-running French investigation and trial targeting 15 members and associates of the Chilean military junta, including General Juan Manuel Contreras Sepúlveda (head of DINA), Miguel Krassnoff Martchenko, and Paul Schäfer (Colonia Dignidad). The case concerns the disappearance and torture of French nationals during Operation Condor and the Pinochet dictatorship (1973–1990). Several defendants were convicted in absentia.",Passive personality jurisdiction | Operation Condor | In absentia convictions | Multiple defendants across countries,,FIDH (https://www.fidh.org),,,,,,https://competenceuniverselle.amnesty.fr/,0,
amnesty-fr-uyghur-forced-labor,"Uyghur Forced Labour (Uniqlo, SMCP, Inditex, Skechers)",N/A,France,Paris Judicial Court (Investigating judges),2021-04-01,2021,China,Concealment of crimes against humanity; Concealment of genocide; Aggravated forced servitude; Organized trafficking in human beings,Active personality (art. 113-6 CP — French companies),criminal,Ongoing (investigation),ongoing,Yes,French,OCLCH,"NGO and victim complaint against multinational fashion brands Uniqlo France, SMCP (Sandro, Maje), Inditex (Zara), and Skechers for allegedly profiting from forced labour of Uyghur populations in Xinjiang, China. The complaint charges concealment of crimes against humanity and genocide, aggravated forced servitude, and organized trafficking. This landmark corporate accountability case addresses supply chain complicity in mass atrocities.",Corporate supply chain liability | Concealment (recel) of international crimes | Uyghur forced labour | Multiple corporate defendants,,Sherpa (https://www.asso-sherpa.org); ECCHR (https://www.ecchr.eu),,,,,,https://competenceuniverselle.amnesty.fr/,0,
amnesty-fr-congo-beach,Les Disparus du Beach (Congo-Brazzaville),N/A,France,Paris Assize Court,2005-01-01,2005,Congo,Torture; Acts of barbarism; Enforced disappearance; Crimes against humanity,Universal jurisdiction (art. 689-2 CPP),criminal,Acquittal (insufficient evidence),acquittal,No,French,,Case concerning the forced disappearance of over 350 Congolese refugees returning from the DRC in 1999 via the Beach river port in Brazzaville. They were arrested by security forces and never seen again. NGO complaints in France targeted Congolese officials under the Convention Against Torture framework. The case resulted in acquittal due to insufficient evidence.,Convention Against Torture — universal jurisdiction | Enforced disappearances | Acquittal — insufficient evidence,,FIDH (https://www.fidh.org),,,,,,https://competenceuniverselle.amnesty.fr/,0,
amnesty-fr-nexa-egypt,Nexa Technologies (ex-Amesys) — Egypt Surveillance,N/A,France,Paris Judicial Court (Investigating judges),2017-01-01,2017,Egypt,Complicity in torture; Complicity in enforced disappearance,Universal jurisdiction (art. 689-2 CPP),criminal,Ongoing (referred to trial),ongoing,Yes,French,OCLCH,"French tech company Nexa Technologies (formerly Amesys) is accused of selling surveillance technology to the Egyptian regime, which was used to identify, track, and target dissidents who were subsequently tortured or forcibly disappeared. The case was brought by FIDH and LDH. This is a landmark corporate complicity case linking digital surveillance exports to grave human rights violations.",Corporate complicity — surveillance technology | Convention Against Torture — universal jurisdiction | Digital surveillance and human rights,,FIDH (https://www.fidh.org); LDH (https://www.ldh-france.org),,,,,,https://competenceuniverselle.amnesty.fr/,0,
amnesty-fr-sirli-egypt,Opération Sirli (Egypt — French Military Intelligence),N/A,France,Paris Judicial Court,2021-01-01,2021,Egypt,Crimes against humanity; Torture; Complicity in crimes against humanity,Active personality (art. 113-6 CP) + Universal jurisdiction (art. 689-2 CPP),criminal,Dismissed (classé sans suite),other,No,French,,"NGO complaint concerning 'Opération Sirli', a French military intelligence operation in Egypt. According to investigative journalists, French intelligence provided targeting data to Egyptian forces used for extrajudicial killings of civilians rather than counter-terrorism. The complaint was classified without follow-up.",Active personality principle | Military intelligence cooperation | Classé sans suite,,,,,,,,https://competenceuniverselle.amnesty.fr/,0,
amnesty-fr-uae-interpol,Ahmed Nasser A.-R. (UAE — Interpol Abuse),N/A,France,Paris Judicial Court (Pôle crimes contre l'humanité),2019-01-01,2019,United Arab Emirates,Arbitrary detention; Torture; Acts of barbarism,Universal jurisdiction (art. 689-2 CPP),criminal,Ongoing (investigation),ongoing,No,French,OCLCH,"NGO and victim complaint against Ahmed Nasser al-Raisi, a senior UAE security official and Interpol president candidate, for his alleged responsibility in acts of torture and arbitrary detention in the UAE. The complaint was filed under the Convention Against Torture while al-Raisi was on French territory for the Interpol General Assembly.",Convention Against Torture — presence on territory | Interpol governance and human rights,,FIDH (https://www.fidh.org),,,,,,https://competenceuniverselle.amnesty.fr/,0,
amnesty-fr-rumsfeld-usa,Donald Rumsfeld (USA — Abu Ghraib & Guantánamo Torture),N/A,France,Paris Judicial Court,2007-01-01,2007,Iraq,Torture; Acts of barbarism,Universal jurisdiction (art. 689-2 CPP),criminal,Dismissed (classé sans suite),other,No,French,,"NGO complaint against former US Secretary of Defense Donald Rumsfeld for torture at Abu Ghraib and Guantánamo Bay, filed during his visit to France. Based on the Convention Against Torture framework. The case was classified without follow-up.",Convention Against Torture — presence requirement | US officials immunity | Classé sans suite,,FIDH (https://www.fidh.org); CCR (Center for Constitutional Rights) (https://ccrjustice.org),,,,,,https://competenceuniverselle.amnesty.fr/,1,
amnesty-fr-guantanamo-benchellali,Guantánamo Torture (Sassi & Benchellali — French Victims),N/A,France,Paris Judicial Court,2002-01-01,2002,Cuba,Torture; Acts of barbarism,Passive personality (art. 113-7 CP — French victims),criminal,No case to answer (non-lieu),other,No,French,,"Victim complaint by French nationals Nizar Sassi and Mourad Benchellali, detained at Guantánamo Bay, against George W. Bush and other US officials for torture during their detention. Filed under passive personality jurisdiction (French victims). The investigation resulted in a non-lieu.",Passive personality jurisdiction | Guantánamo detention | Non-lieu,,,,,,,,https://competenceuniverselle.amnesty.fr/,0,
amnesty-fr-cia-flights,CIA Extraordinary Rendition Flights (France),N/A,France,Paris Judicial Court,2007-01-01,2007,Multiple countries,Arbitrary detention; Torture; Unlawful detention; War crimes,Universal jurisdiction (art. 689-2 CPP),criminal,Dismissed (classé sans suite),other,No,French,,"NGO complaint concerning CIA extraordinary rendition flights transiting through French territory, transporting detainees to black sites for torture and arbitrary detention. The complaint also alleged violations of the Third Geneva Convention. Classified without follow-up.",Convention Against Torture — transit through territory | Extraordinary rendition | Classé sans suite,,FIDH (https://www.fidh.org),,,,,,https://competenceuniverselle.amnesty.fr/,0,
amnesty-fr-tikrit-ahmed-h,Ahmed H. — Camp Speicher Massacre (Iraq/ISIS),N/A,France,Paris Judicial Court (Pôle crimes contre l'humanité),2019-01-01,2019,Iraq,War crimes; Assassination in connection with terrorism,Universal jurisdiction (art. 689-11 CPP — Régime 3),criminal,Ongoing,ongoing,No,French,OCLCH,"French prosecution of Ahmed H. for participation in the Camp Speicher massacre near Tikrit, Iraq (June 2014), in which ISIS killed approximately 1,700 Shia Iraqi Air Force cadets. Prosecuted under Régime 3 (art. 689-11 CPP) — one of the first cases applying the 2010 universal jurisdiction law requiring habitual residence in France.",Régime 3 — habitual residence requirement | War crimes — Camp Speicher massacre | ISIS accountability,,,,,,,,https://competenceuniverselle.amnesty.fr/,0,
amnesty-fr-halabja-chemicals,Halabja Chemical Weapons (Iraq — French Companies),N/A,France,Paris Judicial Court,2003-01-01,2003,Iraq,Complicity in murder; Complicity in attempted murder; Receiving proceeds of crime,Active personality (art. 113-6 CP — French companies),criminal,Ongoing (investigation),ongoing,Yes,French,,"Victim complaint against French companies Protec SA, De Dietrich, and Carbone Lorraine (now Mersen) for allegedly supplying chemical weapons precursors to Saddam Hussein's Iraq, used in the 1988 Halabja massacre of Kurdish civilians (~5,000 killed). This corporate accountability case links industrial exports to genocide-level atrocities.",Active personality — French companies | Chemical weapons supply chain | Corporate complicity in mass atrocities,,,,,,,,https://competenceuniverselle.amnesty.fr/,0,
amnesty-fr-sinjar-iraq,Massacre de Sinjar (Iraq — Yazidi Genocide),N/A,France,Paris Judicial Court (Pôle crimes contre l'humanité),2020-01-01,2020,Iraq,Genocide; Crimes against humanity; War crimes,Universal jurisdiction (art. 689-11 CPP — Régime 3),criminal,Ongoing (investigation),ongoing,No,French,OCLCH,"French investigation opened by the PNAT concerning the August 2014 ISIS massacre of Yazidi populations in the Sinjar region of Iraq. Covers genocide, crimes against humanity, and war crimes including mass killings, sexual slavery, and forced conversions. Structural investigation opened proprio motu by the prosecution.",Régime 3 — universal jurisdiction for genocide | Yazidi genocide | Structural investigation,,,,,,,,https://competenceuniverselle.amnesty.fr/,0,
amnesty-fr-tikrit-ahmed-ea,Ahmed E. A. — Camp Speicher Massacre (Iraq/ISIS),N/A,France,Paris Judicial Court (Pôle crimes contre l'humanité),2019-01-01,2019,Iraq,War crimes; Terrorism-related killings; Crimes against humanity,Universal jurisdiction (art. 689-11 CPP — Régime 3),criminal,Ongoing,ongoing,No,French,OCLCH,"French prosecution of Ahmed E. A. for participation in the Camp Speicher massacre near Tikrit (June 2014), in which ISIS killed ~1,700 Shia Iraqi Air Force cadets. Charged with war crimes including use of prohibited methods of combat and inhumane treatment, as well as terrorism-related assassination.",Régime 3 — habitual residence | War crimes — prohibited methods | ISIS Camp Speicher massacre,,,,,,,,https://competenceuniverselle.amnesty.fr/,0,
eurojust-de-taha-aj-yazidi,Taha Al-J. (Germany — Yazidi Genocide),5-3 StE 1/20,Germany,Higher Regional Court of Frankfurt am Main,2021-11-30,2021,Syria,Genocide; Crimes against humanity; War crimes; Enslavement; Torture,Universal jurisdiction (Völkerstrafgesetzbuch),criminal,Life imprisonment,conviction,No,German,ZBKV (Central Office for Combating War Crimes),"The defendant, an Iraqi national and head of an IS office, was found guilty of genocide against the Yazidi religious group. He bought a Yazidi woman and her 5-year-old daughter as slaves. He tied the child to a window grille in extreme heat, causing her death by heatstroke. This was the world's first conviction for genocide against the Yazidi people. The judgment established that IS's treatment of Yazidis constituted genocide.",First genocide conviction for Yazidi crimes | Enslavement as crime against humanity | Child victim — death by heatstroke | IS slave trade,https://www.eurojust.europa.eu/sites/default/files/assets/taha-aj-higher-regional-court-of-justice-5-3-ste-120.pdf,ECCHR (https://www.ecchr.eu),,,,,,,1,
eurojust-nl-ethiopia-red-terror,Eshetu Alemu (Netherlands — Ethiopian Red Terror),2200550317v,Netherlands,The Hague Court of Appeal,2022-06-08,2022,Ethiopia,War crimes; Unlawful deprivation of liberty; Cruel and inhuman treatment; Torture; Killing,Universal jurisdiction,criminal,Life imprisonment,conviction,No,Dutch,,"The defendant was found guilty of violating international humanitarian law during Ethiopia's 'Red Terror' period. As a representative of the Derg regime, he committed unlawful deprivation of liberty, cruel and inhuman treatment of hundreds of individuals, and torture and killing of 75 persons during the civil war between the Derg military regime and opposition groups. He was sentenced to life imprisonment.",Ethiopian Red Terror accountability | Derg regime crimes | Life imprisonment for IHL violations | Crimes during civil war,https://www.eurojust.europa.eu/sites/default/files/assets/files/netherlands-case-number-2200550317v.pdf,,,,,,,,1,
eurojust-nl-afghanistan-pul-e-charkhi,Afghan Prison Official (Netherlands — Pul-e-Charkhi),09/748011-12,Netherlands,The Hague District Court,2022-04-14,2022,Afghanistan,War crimes; Cruel and inhumane treatment; Arbitrary detention,Universal jurisdiction,criminal,12 years imprisonment,conviction,No,Dutch,,"The defendant, an Afghan national in charge of a section of the Pul-e-Charkhi prison where political prisoners were held in the 1980s, was living in the Netherlands under a false name. The court found he co-perpetrated humiliating, degrading, cruel and inhumane treatment and arbitrary detention of political prisoners during a non-international armed conflict in Afghanistan.",Afghan political prisoners | False identity discovery | Co-perpetration of war crimes | NIAC in Afghanistan 1980s,https://www.eurojust.europa.eu/sites/default/files/assets/files/netherlands-case-number-09748011-12.pdf,,,,,,,,1,
eurojust-de-yarmouk-syria,Yarmouk Anti-Tank Attack (Germany — Syria),3 StE 7/22-4 (1/22),Germany,Higher Regional Court of Berlin,2023-02-23,2023,Syria,War crimes; Prohibited methods of warfare; Attack against civilian population,Universal jurisdiction (Völkerstrafgesetzbuch),criminal,Life imprisonment,conviction,No,German,ZBKV,"The defendant, a Syrian member of the 'Free Palestine Movement' militia siding with the Assad regime, fired a portable anti-tank weapon into a civilian crowd in the Yarmouk neighbourhood of Damascus. Four persons were killed and two seriously injured. He admitted the act as revenge for his nephew's killing. The court found a clear nexus between the crime and the armed conflict. The Federal Court of Justice upheld the conviction on appeal.",Prohibited methods of warfare | Attack against civilian population | Anti-tank weapon against civilians | NIAC nexus established,https://www.eurojust.europa.eu/sites/default/files/assets/files/de-higher-regional-court-berlin-3-ste-7-22-4-230223.pdf,,,,,,,,3,
eurojust-fi-ukraine-rusich,Yan Petrovsky / Rusich (Finland — Ukraine War Crimes),R 706/2024/11203,Finland,Helsinki District Court,2025-03-14,2025,Ukraine,War crimes; Killing hors de combat soldiers; Mutilation; Outrage upon personal dignity,Universal jurisdiction,criminal,Life imprisonment,conviction,No,Finnish,,"The defendant, a Russian national and deputy commander of the far-right paramilitary group Rusich, led an ambush in September 2014 in the Luhansk region that killed 22 Ukrainian soldiers. He was convicted of killing wounded soldiers placed hors de combat, mutilating bodies, and distributing degrading images on social media. The court established the existence of an international armed conflict in Eastern Ukraine. He was convicted on both direct perpetration and superior responsibility grounds.",International armed conflict in Eastern Ukraine | Superior responsibility | Killing hors de combat soldiers | Social media evidence | First Finnish conviction for Ukraine war crimes,https://www.eurojust.europa.eu/sites/default/files/assets/files/fi-helsinki-district-court-decision-r-706-2024-11203-140325-en.pdf,,,,,,,,1,
eurojust-se-yazidi-genocide,Lina Ishaq (Sweden — Yazidi Genocide),B 3210-23,Sweden,Stockholm District Court,2025-02-11,2025,Syria,Genocide; Crimes against humanity; War crimes; Enslavement; Forcible transfer of children,Universal jurisdiction,criminal,12 years imprisonment,conviction,No,Swedish,,"The Stockholm District Court convicted a 52-year-old Swedish national of genocide, war crimes, and crimes against humanity — the first conviction in Sweden for crimes against humanity. It is also the first judgment worldwide confirming genocide through the underlying act of forcible transfer of children from one group to another. The case concerned the persecution and enslavement of Yazidi women and children by IS.",First Swedish CAH conviction | First genocide conviction via forcible transfer of children | Yazidi genocide | Enslavement | Cultural destruction of a group,https://www.domstol.se/stockholms-tingsratt/nyheter/2025/02/dom-i-mal-om-folkratsbrott-brott-mot-manskligheten-och-folkmord/,,,,,,,,1,
eurojust-nl-syria-killing,Ahmad Al-K. (Netherlands — Syria War Crime Killing),09/748001-18,Netherlands,The Hague District Court,2021-07-16,2021,Syria,War crimes; Killing of a protected person,Universal jurisdiction,criminal,20 years imprisonment,conviction,No,Dutch,,A Syrian national residing in the Netherlands was sentenced to 20 years for the war crime of killing. He participated in the execution of a captured Syrian military officer — a protected person under IHL. YouTube videos showing the execution constituted central evidence. He was acquitted of membership in a terrorist organisation.,War crime of killing — protected person | YouTube video evidence | Execution of captured officer | Acquitted of terrorism charges,https://www.eurojust.europa.eu/sites/default/files/assets/files/netherlands-case-number-09748001-18.pdf,,,,,,,,1,
eurojust-se-syria-ftf-child-soldier,Swedish Mother (Sweden — Child Soldier Recruitment),B 20218-20,Sweden,Stockholm District Court,2022-03-04,2022,Syria,War crimes; Complicity in recruitment of child soldiers,Universal jurisdiction,criminal,6 years imprisonment,conviction,No,Swedish,,A Swedish national who travelled with her children to Syria was convicted of complicity in war crimes for failing to prevent her son (aged 12-15) from being recruited and used as a child soldier by IS. The child died during a mission in August 2013. The court found she was aware of and did not object to her son's recruitment.,Child soldier recruitment | Parental liability as complicity | IS child recruitment | Guardian duty to prevent war crimes,https://www.eurojust.europa.eu/sites/default/files/assets/national-jurisprudence-case-b-20218.20-2022-en.pdf,,,,,,,,1,
eurojust-se-syria-execution-life,Syrian Asylum Seeker (Sweden — Execution of Soldiers),B3787-16,Sweden,Svea Court of Appeal / Stockholm District Court,2017-02-16,2017,Syria,War crimes; Extrajudicial killing of hors de combat soldiers,Universal jurisdiction,criminal,Life imprisonment,conviction,No,Swedish,,A Syrian asylum seeker was sentenced to life imprisonment for actively participating in the deliberate extrajudicial killings of seven captured Syrian soldiers (hors de combat) during the Syrian conflict. A YouTube video on which the defendant appeared constituted the central evidence.,Execution of hors de combat soldiers | Life sentence | YouTube evidence | Asylum seeker prosecution,https://www.eurojust.europa.eu/sites/default/files/Partners/Genocide/2017-02-SE-Stockholm-City-Court_EN.pdf,,,,,,,,1,
eurojust-be-rwanda-garage-2024,Kigali Garage Case (Belgium — Rwanda Genocide),FD.30.98.000101/2002,Belgium,Brussels Assizes Court,2024-06-10,2024,Rwanda,Genocide; War crimes; Murder; Attempted murder; Rape,Universal jurisdiction,criminal,25 years imprisonment,conviction,No,French,,"The defendant ran a garage in Kigali that became a headquarters for the Interahamwe during the 1994 genocide. Tutsis were massacred in and around the garage complex. He was found guilty of genocide and war crimes including wilful killing, attempted murder and rape. The conviction became final after the Court of cassation rejected his appeal on 18 December 2024.",Interahamwe headquarters | Direct perpetration and facilitation | Genocide conviction | Cassation appeal rejected — final,https://www.eurojust.europa.eu/sites/default/files/assets/files/be-assizes-brussels-fd.30.98.000101-2002-100624.pdf,,,,,,,,1,
eurojust-fr-syria-bashar-assad-immunity,Bashar al-Assad Immunity Ruling (France),24-84.393,France,Court of Cassation (Plenary Assembly),2025-07-25,2025,Syria,Complicity in crimes against humanity; War crimes,Universal jurisdiction,criminal,Arrest warrant annulled (personal immunity of sitting head of state),other,No,French,,"The French Court of Cassation ruled on the legality of an arrest warrant issued against Bashar al-Assad in 2023 for complicity in crimes against humanity and war crimes. The Court held that personal immunity of sitting heads of state is a rule of customary international law, and that war crimes and crimes against humanity do NOT constitute exceptions to personal immunity for heads of state in-office. However, the Court emphasized that personal immunity is temporary and ceases once the head of state leaves office, and that functional immunity cannot be invoked for genocide, CAH, and war crimes.",Personal immunity — no exception for sitting heads of state | Functional immunity — does not apply to international crimes | Temporary nature of personal immunity | Arrest warrant annulled,https://www.eurojust.europa.eu/sites/default/files/assets/files/fr-cassation-plenary-assembly-24-84.393-250725-eng.pdf,,,,,,,,1,
eurojust-fr-syria-functional-immunity,Syrian Central Bank Governor — Functional Immunity Ruling (France),24-84.071,France,Court of Cassation (Plenary Assembly),2025-07-25,2025,Syria,Complicity in crimes against humanity; Complicity in war crimes; Money laundering,Active personality (French nationality),criminal,Indictment upheld — functional immunity rejected,ongoing,No,French,,"A dual French-Syrian national, former Governor of the Central Bank of Syria, was indicted for complicity in crimes against humanity and war crimes. The Court of Cassation ruled that functional immunity cannot be invoked for genocide, crimes against humanity, and war crimes — a landmark ruling reinforcing the exception to immunity for the most serious international crimes.",Functional immunity — no bar for international crimes | Complicity via financial role | French-Syrian dual national | Central bank governor accountability,https://www.eurojust.europa.eu/sites/default/files/assets/files/fr-cassation-plenary-assembly-24-84.071-250725-eng.pdf,,,,,,,,1,
eurojust-de-germany-immunity-2024,Syrian Official — Functional Immunity Ruling (Germany),AK 4/24,Germany,Federal Court of Justice,2024-02-21,2024,Syria,Crimes against humanity; War crimes; Torture; Enslavement,Universal jurisdiction (Völkerstrafgesetzbuch),criminal,Detention upheld — functional immunity rejected,ongoing,No,German,ZBKV,"The Federal Court of Justice affirmed that functional immunity does not protect foreign public officials from prosecution for core international crimes, regardless of rank or status. The Court also addressed enslavement, ruling that it does not need to last for an indeterminate or prolonged period — duration is merely one factor in the overall assessment.",Functional immunity — no bar regardless of rank | Enslavement — no minimum duration required | Detention upheld for gravity of charges,https://www.eurojust.europa.eu/sites/default/files/assets/files/49.-germany-translation-of-the-order-of-the-federal-court-of-justice-of-21-february-2024-ref.-ak-4-24.pdf,,,,,,,,2,
sweden-lina-ishaq-yazidi,Lina Ishaq (Sweden — Yazidi Genocide),N/A,Sweden,Stockholm District Court,2025-02-11,2025,Syria / Iraq,Genocide; Crimes against humanity; War crimes; Enslavement,Universal jurisdiction,criminal,12 years imprisonment,conviction,No,Swedish,,"Swedish woman Lina Ishaq was convicted of genocide, crimes against humanity, and gross war crimes for keeping Yazidi slaves while living with ISIS in Syria in 2015. She enslaved Yazidi women and girls, subjecting them to forced labour and degrading treatment. First Swedish conviction for genocide. The case demonstrates that universal jurisdiction can reach not only military commanders but also civilian participants in genocidal campaigns.",First Swedish genocide conviction | Yazidi genocide — civilian participant liability | Enslavement as crime against humanity | IS-related UJ prosecution,https://www.domstol.se/stockholms-tingsratt/nyheter/2025/02/dom-i-mal-om-folkratsbrott-brott-mot-manskligheten-och-folkmord/,,,,,,,,1,Reuters — Sweden sentences woman for genocide: https://www.reuters.com/world/europe/sweden-sentences-woman-12-years-prison-genocide-war-crimes-syria-2025-02-11/ | BBC — Swedish woman convicted of genocide: https://www.bbc.com/news/articles/ce3lq39zpp0o
germany-stuttgart-hezbollah-syria,Syrian Hezbollah Militia Member (Stuttgart),N/A,Germany,Higher Regional Court of Stuttgart,2025-06-03,2025,Syria,Crimes against humanity; War crimes; Murder,Universal jurisdiction,criminal,Life imprisonment,conviction,No,German,ZBKV,"The Higher Regional Court of Stuttgart sentenced a 33-year-old Syrian man to life in prison for crimes against humanity and war crimes committed as a leading member of a Hezbollah-backed militia during Syria's civil war. The militia carried out brutal attacks on Sunni Muslim civilians. The case demonstrates Germany's continued leading role in prosecuting Syrian conflict crimes under universal jurisdiction, extending beyond the Assad regime to Iran/Hezbollah-linked actors.",Hezbollah-backed militia crimes | Non-state armed group liability | Attacks on Sunni civilians | Germany structural investigations,,,,,,,,,1,Reuters — Syrian man life sentence Germany: https://www.reuters.com/world/middle-east/syrian-man-handed-life-sentence-germany-war-crimes-2025-06-03/ | DW — Germany jails Syrian pro-Assad fighter: https://www.dw.com/en/germany-jails-syrian-pro-assad-fighter-over-war-crimes/a-72776468
france-assad-arrest-warrant,Bashar al-Assad — Arrest Warrant (Chemical Weapons),N/A,France,Paris Court of Appeal,2024-06-26,2024,Syria,Complicity in crimes against humanity; Complicity in war crimes; Use of chemical weapons,Universal jurisdiction,criminal,Arrest warrant confirmed on appeal,ongoing,No,French,OCLCH,"The Paris Court of Appeal confirmed the validity of the international arrest warrant issued against former Syrian President Bashar al-Assad for alleged complicity in crimes against humanity and war crimes related to the August 2013 Ghouta chemical weapons attack that killed over 1,000 civilians. Warrants were also upheld for his brother Maher al-Assad and two senior military officials. The ruling was a landmark on head-of-state immunity: the court held that functional immunity does not apply to international crimes. After Assad's fall in December 2024, French prosecutors may seek his arrest.",Head-of-state immunity rejected for international crimes | Chemical weapons as war crime | Arrest warrant upheld on appeal | Functional immunity inapplicable,,Open Society Justice Initiative (https://www.justiceinitiative.org); ECCHR (https://www.ecchr.eu); Syrian Archive (https://syrianarchive.org),Syrian Center for Media and Freedom of Expression,,,,,,2,BBC — French court confirms Assad arrest warrant: https://www.bbc.com/news/articles/cn0090vrxgwo | Le Monde — Paris court upholds Assad warrant: https://www.lemonde.fr/en/international/article/2024/06/26/paris-court-upholds-validity-of-arrest-warrant-for-syrian-president-bashar-al-assad_6675825_4.html | Open Society — Court validates historic arrest warrant: https://www.justiceinitiative.org/newsroom/french-court-of-appeal-validates-historic-arrest-warrant-for-syrian-president-bashar-al-assad-a-legal-milestone-and-important-victory-for-survivors
switzerland-nezzar-algeria,Khaled Nezzar (Algeria — Dirty War),N/A,Switzerland,Swiss Federal Criminal Court,2024-01-01,2024,Algeria,War crimes; Crimes against humanity; Torture,Universal jurisdiction,criminal,Indicted — proceedings stalled (immunity rejected),ongoing,No,French,,"Former Algerian Defence Minister Khaled Nezzar was indicted in August 2023 for war crimes and crimes against humanity committed during Algeria's 'Dirty War' of the 1990s. The case, initiated by TRIAL International in 2011, produced a landmark 2012 Federal Criminal Court ruling rejecting functional immunity for former heads of state and senior officials for international crimes. Despite the indictment, plaintiffs filed complaints in 2025 alleging denial of justice due to extreme delays. In December 2025, TRIAL International reported that victims may never see justice in the case.",Functional immunity rejected (landmark 2012 ruling) | Algeria Dirty War accountability | Former Defence Minister prosecution | Delay as denial of justice,,TRIAL International (https://trialinternational.org),,,,,,,2,TRIAL International — Nezzar case: no hope for victims: https://trialinternational.org/latest-post/khaled-nezzar-case-no-more-hope-for-victims-to-obtain-justice/ | TRIAL International — Model decision on immunity: https://trialinternational.org/latest-post/swiss-federal-criminal-court-judgement-in-the-nezzar-case-a-model-decision | ICRC Casebook — Immunity of General Nezzar: https://casebook.icrc.org/case-study/switzerland-immunity-general-nezzar
uk-pinochet,"R v Bartle, ex parte Pinochet (No. 3)",[1999] UKHL 17,United Kingdom,House of Lords,1999-03-24,1999,Chile,Torture; Conspiracy to commit torture; Hostage taking,Universal jurisdiction,criminal,Immunity rejected for torture post-1988 (extradition proceedings),other,No,English,,"The foundational common law universal jurisdiction and immunity decision. The House of Lords ruled that former Chilean dictator Augusto Pinochet could not claim sovereign immunity for acts of torture committed after the UK ratified the Convention Against Torture in 1988. While Pinochet was ultimately released on medical grounds and returned to Chile, the decision transformed international criminal law by establishing that former heads of state cannot invoke immunity for torture. The case was initiated by a Spanish arrest warrant issued by Judge Baltasar Garzón.",Head-of-state immunity — no bar for torture post-CAT ratification | Foundational UJ/immunity decision | Spanish arrest warrant — cross-border cooperation | Torture as jus cogens — overrides immunity,https://www.bailii.org/uk/cases/UKHL/1999/17.html,Amnesty International (https://www.amnesty.org); Human Rights Watch (https://www.hrw.org),,,,,,,2,BAILII — Pinochet No. 1 [1998] UKHL 41: https://www.bailii.org/uk/cases/UKHL/1998/41.html | BAILII — Pinochet No. 2 [1999] UKHL 1: https://www.bailii.org/uk/cases/UKHL/1999/1.html | ICD — International Crimes Database: https://www.internationalcrimesdatabase.org
israel-eichmann,Israel v. Adolf Eichmann,Criminal Case 40/61,Israel,District Court of Jerusalem / Supreme Court of Israel,1961-12-11,1961,Germany,Crimes against humanity; War crimes; Crimes against the Jewish people; Membership in hostile organizations,Universal jurisdiction,criminal,Death sentence (executed 1962),conviction,No,Hebrew (English translation available),,"The foundational universal jurisdiction case. Adolf Eichmann, a senior Nazi official responsible for organizing the logistics of the Holocaust, was captured by Mossad agents in Argentina in 1960 and tried in Jerusalem. The District Court convicted him of crimes against humanity, war crimes, and crimes against the Jewish people. The Supreme Court upheld the conviction and death sentence. Eichmann was executed on 1 June 1962. The trial established key precedents on universal jurisdiction, the irrelevance of superior orders, and the nature of crimes against humanity.",Foundational universal jurisdiction case | Superior orders — no defence | Crimes against humanity — systematic extermination | Retroactive application of criminal law justified,https://www.legal-tools.org/doc/04a016/,,,,,,,,2,ICC Legal Tools — District Court judgment: https://www.legal-tools.org/doc/04a016/ | ICC Legal Tools — Supreme Court judgment: https://www.legal-tools.org/doc/74936a/ | Nizkor Project — Eichmann trial documents: https://www.nizkor.org/hweb/people/e/eichmann-adolf/
spain-scilingo-argentina,Adolfo Scilingo (Argentine Dirty War — Spain),STS 798/2007,Spain,Audiencia Nacional / Tribunal Supremo,2005-04-19,2005,Argentina,Crimes against humanity; Murder; Torture; Illegal detention,Universal jurisdiction,criminal,"1,084 years imprisonment (increased on appeal from 640 years)",conviction,No,Spanish,,"Former Argentine naval officer Adolfo Scilingo was convicted by Spain's Audiencia Nacional for crimes against humanity during Argentina's Dirty War — the first conviction for crimes against humanity by a Spanish court. Scilingo participated in 'death flights' (vuelos de la muerte) in which political prisoners were drugged and thrown alive from aircraft into the Río de la Plata. He was initially sentenced to 640 years, later increased to 1,084 years by the Tribunal Supremo in 2007. The case was part of Judge Baltasar Garzón's broader investigation into Argentine and Chilean human rights violations.",First Spanish conviction for crimes against humanity | Death flights — vuelos de la muerte | Universal jurisdiction — Spanish law | Tribunal Supremo increased sentence,https://www.poderjudicial.es,,,,,,,,2,ICD — International Crimes Database — Scilingo: https://www.internationalcrimesdatabase.org | Tribunal Supremo — STS 798/2007: https://www.poderjudicial.es
germany-jorgic-bosnia,Nikola Jorgić (Genocide — Bosnia),IV-2 StE 8/96,Germany,OLG Düsseldorf / BGH / Federal Constitutional Court,1997-09-26,1997,Bosnia and Herzegovina,Genocide; Murder,Universal jurisdiction,criminal,Life imprisonment,conviction,No,German,,"Nikola Jorgić, a Bosnian Serb, was convicted by the Düsseldorf Higher Regional Court of genocide and multiple counts of murder for his role in 'ethnic cleansing' operations in the Doboj region of Bosnia in 1992. He led a paramilitary group that committed mass killings, rapes, and forced expulsions of Bosnian Muslim civilians. The conviction was upheld by the BGH (1999) and the Federal Constitutional Court (2000). Jorgić subsequently brought a case before the European Court of Human Rights, which in 2007 ruled that Germany's exercise of universal jurisdiction and its interpretation of genocide were compatible with the European Convention on Human Rights.",First genocide conviction under German universal jurisdiction | Ethnic cleansing as genocide | ECtHR validation of German UJ | Paramilitary commander liability,https://hudoc.echr.coe.int/eng?i=001-81608,,,,,,,,3,ECtHR — Jorgić v. Germany (App. 74613/01): https://hudoc.echr.coe.int/eng?i=001-81608 | ICD — International Crimes Database — Jorgić: https://www.internationalcrimesdatabase.org
france-ely-ould-dah-mauritania,Ely Ould Dah (Mauritania — Torture),N/A,France,Cour d'assises de Nîmes / Cour de cassation,2005-07-01,2005,Mauritania,Torture; Acts of barbarism,Universal jurisdiction (art. 689-2 CPP — Convention Against Torture),criminal,10 years imprisonment (in absentia),conviction,No,French,,"Mauritanian army officer Ely Ould Dah was convicted in absentia by the Cour d'assises de Nîmes for torture committed against Black Mauritanian soldiers during the 1990-1991 ethnic purges. He had been arrested in France in 1999 while attending a military training course but fled while on bail. The conviction was upheld by the Cour de cassation. It was one of the first French convictions under universal jurisdiction based on the Convention Against Torture. The ECtHR later declared his application inadmissible, confirming that the French proceedings were Convention-compliant.",Convention Against Torture — universal jurisdiction | In absentia conviction | First French UJ conviction for torture | ECtHR admissibility — Ely Ould Dah v. France,https://www.legifrance.gouv.fr/juri/id/JURITEXT000007065962,FIDH (https://www.fidh.org),,,,,,https://competenceuniverselle.amnesty.fr/,1,ECtHR — Ely Ould Dah v. France (App. 13113/03): https://hudoc.echr.coe.int/eng?i=001-92206 | ICD — International Crimes Database: https://www.internationalcrimesdatabase.org | Amnesty France — Compétence universelle: https://competenceuniverselle.amnesty.fr/
germany-fdlr-murwanashyaka,Murwanashyaka & Musoni (FDLR — Rwanda/DRC),5-3 StS 1/15,Germany,Higher Regional Court of Stuttgart,2015-09-28,2015,Democratic Republic of the Congo,Aiding and abetting war crimes; Crimes against humanity; Ringleadership of a terrorist organization,Universal jurisdiction (Völkerstrafgesetzbuch),criminal,13 years (Murwanashyaka) / 8 years (Musoni),conviction,No,German,ZBKV (Central Office for Combating War Crimes),"The first trial under Germany's VStGB (Code of Crimes against International Law). Sylvestre Murwanashyaka (president of the FDLR) and Straton Musoni (vice-president) were convicted for their leadership of the FDLR rebel group and for aiding and abetting war crimes committed by FDLR forces in eastern DRC, including attacks on civilians, recruitment of child soldiers, and sexual violence. The defendants directed FDLR operations from Germany via satellite phone. The trial lasted over four years.",First VStGB trial in Germany | Remote command responsibility via satellite phone | FDLR rebel leadership | Aiding and abetting war crimes from abroad,"https://dejure.org/2015,26140",ECCHR (https://www.ecchr.eu),,,,,,,3,ECCHR — FDLR trial monitoring report: https://www.ecchr.eu | Search OLG Stuttgart decisions — OpenJur: https://openjur.de | ICD — International Crimes Database: https://www.internationalcrimesdatabase.org
belgium-butare-four-rwanda,"Butare Four — Ntezimana, Higaniro, Mukangango, Mukabutera (Rwanda)",N/A,Belgium,Cour d'assises de Bruxelles,2001-06-08,2001,Rwanda,Genocide; Crimes against humanity; War crimes,Universal jurisdiction (Belgian UJ law 1993),criminal,Convictions for genocide and crimes against humanity (first Belgian UJ genocide trial),conviction,No,French,,"Vincent Ntezimana (university lecturer), Alphonse Higaniro (former minister), Consolata Mukangango (Soeur Gertrude, nun), and Julienne Mukabutera (Soeur Kisito, nun) were convicted by a Brussels Assize Court for their roles in the 1994 Rwandan genocide — the first Belgian trial for genocide under universal jurisdiction. The case included the unprecedented prosecution of two Catholic nuns accused of aiding Interahamwe militias. The 'Butare Four' trial established Belgium's role as a pioneer in UJ prosecutions for the Rwandan genocide.",First Belgian UJ genocide trial | Catholic nuns prosecuted for genocide complicity | Belgian UJ law 1993 — broadest UJ statute | Butare prefecture massacres,,FIDH (https://www.fidh.org),,,,,,,1,ICD — International Crimes Database — Butare Four: https://www.internationalcrimesdatabase.org
belgium-nereste-rwanda,Fabien Nereste (Rwanda — Belgium),N/A,Belgium,Cour d'assises de Bruxelles,2019-12-20,2019,Rwanda,Genocide; War crimes,Universal jurisdiction,criminal,25 years imprisonment,conviction,No,French,,Fabien Nereste was convicted of genocide and war crimes for his role in the 1994 Rwandan genocide and sentenced to 25 years imprisonment by a Brussels Assize Court. The case demonstrated Belgium's continuing commitment to prosecuting Rwandan genocide suspects under universal jurisdiction.,Rwandan genocide prosecution | Belgian UJ — 25-year sentence,,,,,,,,,1,ICD — International Crimes Database — Nereste: https://www.internationalcrimesdatabase.org
germany-hesam-jalalzoy-afghanistan,Hesam & Jalalzoy (Afghan Intelligence — Torture),2 StE 1/07,Germany,Higher Regional Court of Cologne (OLG Köln),2013-04-29,2013,Afghanistan,Torture; Crimes against humanity,Universal jurisdiction,criminal,Convictions for torture,conviction,No,German,,Two former Afghan intelligence officials (KhAD/WAD) were convicted by the Cologne Higher Regional Court for torture committed in Afghanistan during the Soviet occupation in the 1980s. The case was significant as one of the early German UJ prosecutions for non-European crimes and established precedent for holding intelligence officials accountable for systematic torture.,Afghan intelligence torture | Cold War-era accountability | German UJ for Afghan crimes,,,,,,,,,1,ICD — International Crimes Database — Hesam & Jalalzoy: https://www.internationalcrimesdatabase.org
ukraine-finland-torden-rusich,Voislav Torden / Yan Petrovsky (Rusich — Ukraine),Helsinki District Court,Finland,Helsinki District Court (Helsingin käräjäoikeus),2025-03-14,2025,Ukraine,War crimes,"Universal jurisdiction (Finnish Criminal Code Ch. 1, § 7)",criminal,Life imprisonment (under appeal),conviction,No,Finnish,,Former commander of the Russian Rusich paramilitary group convicted of war crimes committed in eastern Ukraine in 2014. First conviction in any third country for crimes committed in the Russia-Ukraine conflict. Prosecutor appealed acquittal on one count; case proceeding to the Court of Appeal.,First third-country conviction for Ukraine war crimes | Rusich paramilitary accountability | UJ over conduct in Donbas (2014),,TRIAL International (https://trialinternational.org),,,,,,,1,Yle — Torden sentenced to life: https://yle.fi/a/74-20149571 | BBC — Russian Rusich fighter jailed in Finland: https://www.bbc.com/news/articles/cy83g975vyko | Yle — Prosecutor appeal: https://yle.fi/a/74-20150546 | GRC UJ Handbook (June 2025): https://globalrightscompliance.org/wp-content/uploads/2025/06/20250613-Handbook_UJ-final.pdf
ukraine-france-brazhnikov-izolyatsia,Yevhen Brazhnikov (Izolyatsia torture prison — Ukraine),PNAT / juge d'instruction,France,PNAT — Parquet national antiterroriste / juge d'instruction,2026-05-09,2026,Ukraine,Crimes against humanity; War crimes; Complicity in CAH and war crimes,Universal jurisdiction (Art. 689-11 CPP),criminal,"Indicted, pre-trial detention",ongoing,No,French,PNAT / OCLCH,Ukrainian pro-Russian separatist arrested in France and indicted for atrocities against Ukrainian detainees at the Izolyatsia torture prison in Russian-occupied Donetsk. First case formally referred by Ukrainian authorities to a third state under universal jurisdiction.,First Ukraine UJ referral to a third state | Izolyatsia detention site accountability | Art. 689-11 CPP applied to Ukraine,,FIDH (https://www.fidh.org),,,,,,,0,FIDH — Brazhnikov arrested in France: https://www.fidh.org/en/issues/international-justice/universal-jurisdiction/ukrainian-pro-russian-separatist-yevhen-brazhnikov-arrested-in-france | RFI — Pro-Russian separatist held in France: https://www.rfi.fr/en/france/20260509-pro-russian-separatist-held-in-france-over-ukraine-torture-claims
ukraine-germany-dieter-s-dpr,Dieter S. (German-Russian DPR fighter — Ukraine),GBA indictment,Germany,Munich Higher Regional Court (OLG München) — State Security Chamber,2024-10-31,2024,Ukraine,Membership in a foreign terrorist organisation (DPR); Preparing a serious violent offence endangering the state,Active nationality (German citizen); § 129b StGB,criminal,Indicted,ongoing,No,German,GBA / ZBKV,German-Russian national indicted by the GBA for serving as a DPR fighter at Donetsk Airport and Marinka (Dec 2014 – Aug 2016). First Ukraine-related indictment before a German court.,First German Ukraine indictment | DPR designated as terrorist organisation | Active nationality basis,,,,,,,,,0,GBA — Press release 31 Oct 2024 (EN): https://www.generalbundesanwalt.de/SharedDocs/Pressemitteilungen/EN/2024/Pressemitteilung-vom-31-10-2024-1-engl.html
ukraine-germany-structural-gba,Structural investigation — Russian conduct in Ukraine (Germany),GBA structural file,Germany,Generalbundesanwalt (GBA) — Federal Prosecutor General,2022-03-08,2022,Ukraine,War crimes; Crimes against humanity; Crime of aggression,Universal jurisdiction (§ 1 VStGB),criminal,Ongoing structural investigation,ongoing,No,German,GBA / ZBKV,"GBA opened a broad structural investigation into Russian war crimes, CAH and the crime of aggression in Ukraine in March 2022. Largest extraterritorial Ukraine probe in Europe by volume; ECCHR and partner NGOs have filed UJ criminal complaints targeting Rusich and Wagner commanders for atrocities at Bucha and elsewhere.",VStGB structural investigation | Crime of aggression jurisdiction | ECCHR/NGO complaints on Wagner/Rusich,,ECCHR (https://www.ecchr.eu),,,,,,,0,GRC UJ Handbook (June 2025) — Germany section: https://globalrightscompliance.org/wp-content/uploads/2025/06/20250613-Handbook_UJ-final.pdf | ECCHR / TRIAL — UJAR 2025: https://www.ecchr.eu/fileadmin/Publikationen/03_TRIAL_UJAR_2025_FINAL_DIGITAL.pdf | GBA — Press release 18 Apr 2024 (DPR arrests): https://www.generalbundesanwalt.de/SharedDocs/Pressemitteilungen/EN/2024/Pressemitteilung-vom-18-04-2024-Engl.html
ukraine-france-structural-oclch,Structural investigation — Russian conduct in Ukraine (France),PNAT / OCLCH,France,PNAT — Parquet national antiterroriste / OCLCH,2022-04-01,2022,Ukraine,War crimes; Crimes against humanity,Universal jurisdiction (Art. 689-11 CPP); Passive personality (French nationals killed),criminal,Ongoing structural investigation,ongoing,No,French,PNAT / OCLCH,"OCLCH (gendarmerie war crimes unit) opened structural investigations into Russian war crimes in Ukraine from April 2022. Separate passive personality track for French nationals killed in Ukraine (journalists Frédéric Leclerc-Imhoff, etc.).",Dual UJ + passive personality basis | OCLCH evidence-collection missions in Ukraine,,,,,,,,,0,Gendarmerie — OCLCH on Ukraine war crimes: https://www.gendarmerie.interieur.gouv.fr/gendinfo/actualites/2022/les-gendarmes-de-l-oclch-enquetent-sur-les-crimes-de-guerre-en-ukraine
ukraine-sweden-structural,Structural investigation — Russian conduct in Ukraine (Sweden),NOA War Crimes Unit,Sweden,Swedish Police Authority — NOA War Crimes Unit,2022-03-01,2022,Ukraine,War crimes; Crimes against humanity,"Universal jurisdiction (Swedish Penal Code Ch. 2, § 3(6); International Crimes Act 2014)",criminal,Ongoing structural investigation,ongoing,No,Swedish,,Sweden's National Police war crimes unit opened a structural investigation into Russian conduct in Ukraine in March 2022. Sweden is among the most active UJ prosecutors in Europe.,Structural investigation | International Crimes Act 2014,,,,,,,,,0,GRC UJ Handbook (June 2025) — Sweden section: https://globalrightscompliance.org/wp-content/uploads/2025/06/20250613-Handbook_UJ-final.pdf | Wikipedia — UJ investigations of Ukraine war crimes: https://en.wikipedia.org/wiki/Universal_jurisdiction_investigations_of_war_crimes_in_Ukraine
ukraine-netherlands-structural,Structural investigation — Russian conduct in Ukraine (Netherlands),OM — Team Internationale Misdrijven,Netherlands,Openbaar Ministerie — TIM (International Crimes Unit),2022-03-01,2022,Ukraine,War crimes; Crimes against humanity,Universal jurisdiction (Wet Internationale Misdrijven); Passive personality (Dutch victims),criminal,Ongoing structural investigation,ongoing,No,Dutch,,Dutch TIM opened investigations into Russian conduct in Ukraine. The Netherlands is a key institutional supporter of UJ efforts through Eurojust coordination and bilateral JIT support.,TIM structural investigation | Eurojust coordination hub,,,,,,,,,0,GRC UJ Handbook (June 2025) — Netherlands section: https://globalrightscompliance.org/wp-content/uploads/2025/06/20250613-Handbook_UJ-final.pdf
ukraine-norway-kripos,Structural investigation — Russian conduct in Ukraine (Norway),Kripos War Crimes Unit,Norway,"Kripos — National Criminal Investigation Service, War Crimes Unit",2022-03-01,2022,Ukraine,War crimes; Crimes against humanity,Universal jurisdiction (Norwegian Penal Code §§ 101–107),criminal,Ongoing structural investigation,ongoing,No,Norwegian,,Kripos war crimes unit opened investigations into Russian conduct in Ukraine. Norway runs parallel national proceedings outside the Eurojust JIT framework.,Non-JIT national track | Broad Norwegian UJ,,,,,,,,,0,GRC UJ Handbook (June 2025) — Norway section: https://globalrightscompliance.org/wp-content/uploads/2025/06/20250613-Handbook_UJ-final.pdf
ukraine-switzerland-oag,Structural investigation — Russian conduct in Ukraine (Switzerland),OAG / MPC,Switzerland,Office of the Attorney General of Switzerland (OAG / MPC),2022-03-01,2022,Ukraine,War crimes; Crimes against humanity,"Universal jurisdiction (Swiss Criminal Code, Art. 264m)",criminal,Ongoing structural investigation,ongoing,No,French/German,,Swiss OAG opened investigations into Russian conduct in Ukraine. Switzerland has strong UJ legislation and a well-resourced international crimes unit. OAG annual report 2025 notes Ukraine-related proceedings.,Art. 264m StGB applied | OAG annual report 2025,,TRIAL International (https://trialinternational.org),,,,,,,0,GRC UJ Handbook (June 2025) — Switzerland section: https://globalrightscompliance.org/wp-content/uploads/2025/06/20250613-Handbook_UJ-final.pdf | TRIAL International — OAG: https://trialinternational.org/judicial-body/office-of-the-attorney-general-of-switzerland/
ukraine-spain-audiencia-nacional,Structural investigation — Russian conduct in Ukraine (Spain),Audiencia Nacional,Spain,Audiencia Nacional,2022-03-01,2022,Ukraine,War crimes; Crimes against humanity; Genocide,"Universal jurisdiction (Organic Law 1/2014, as amended)",criminal,Ongoing structural investigation,ongoing,No,Spanish,,Audiencia Nacional investigating magistrates opened a UJ investigation into Russian conduct in Ukraine shortly after the Feb 2022 invasion. Spanish law allows broad UJ for IHL crimes.,Broad UJ for IHL violations | Audiencia Nacional jurisdiction,,,,,,,,,0,Wikipedia — UJ investigations of Ukraine war crimes: https://en.wikipedia.org/wiki/Universal_jurisdiction_investigations_of_war_crimes_in_Ukraine
ukraine-lithuania-kvedaravicius,Lithuania — Ukraine investigations (incl. Kvedaravičius),Prosecutor General's Office,Lithuania,Lithuanian Prosecutor General's Office,2022-04-01,2022,Ukraine,War crimes; Crimes against humanity,Universal jurisdiction; Passive personality (Lithuanian filmmaker Mantas Kvedaravičius killed in Mariupol),criminal,Ongoing investigation,ongoing,No,Lithuanian,,Lithuania opened UJ investigations into Russian conduct in Ukraine from Feb 2022. Separate track for the killing of Lithuanian documentary filmmaker Kvedaravičius in Mariupol (Apr 2022). Lithuania is a founding member of the Eurojust JIT on Ukraine.,Kvedaravičius passive personality track | Eurojust JIT member,,,,,,,,,0,Eurojust — Three years of full-scale invasion: https://www.eurojust.europa.eu/news/three-years-full-scale-invasion-ukraine-concrete-steps-supported-eurojust-road-accountability
ukraine-poland-ipn,Poland — Ukraine investigations (IPN / National Prosecutor),IPN / Prokuratura Krajowa,Poland,Polish National Prosecutor's Office / Institute of National Remembrance (IPN),2022-03-01,2022,Ukraine,War crimes; Crimes against humanity,Universal jurisdiction,criminal,Ongoing investigation,ongoing,No,Polish,,IPN and the National Prosecutor's Office are conducting parallel UJ investigations into Russian conduct in Ukraine. Poland is a founding member of the Eurojust JIT.,IPN parallel track | Eurojust JIT founding member,,,,,,,,,0,Eurojust — Four years of full-scale invasion: https://www.eurojust.europa.eu/news/four-years-full-scale-invasion-continuing-road-accountability-ukraine
ukraine-estonia-jit,Estonia — Ukraine investigations (JIT member),Prosecutor General / KAPO,Estonia,Estonian Prosecutor General's Office,2022-03-01,2022,Ukraine,War crimes; Crimes against humanity,Universal jurisdiction,criminal,Ongoing investigation,ongoing,No,Estonian,,Estonia is a founding member of the Eurojust-coordinated JIT on Ukraine core international crimes. National investigations ongoing alongside JIT work.,JIT founding member,,,,,,,,,0,Eurojust — JIT continues with focus on illegal transfer of Ukrainian children: https://www.eurojust.europa.eu/news/joint-investigation-team-continues-work-added-focus-illegal-transfer-ukrainian-children
ukraine-latvia-jit,Latvia — Ukraine investigations (JIT member),Prosecutor General's Office,Latvia,Latvian Prosecutor General's Office,2022-03-01,2022,Ukraine,War crimes; Crimes against humanity,Universal jurisdiction,criminal,Ongoing investigation,ongoing,No,Latvian,,Latvia is a founding JIT member at Eurojust; national investigations ongoing in parallel.,JIT founding member,,,,,,,,,0,Eurojust — JIT update: https://www.eurojust.europa.eu/news/joint-investigation-team-continues-work-added-focus-illegal-transfer-ukrainian-children
ukraine-romania-jit,Romania — Ukraine investigations (JIT member),Prosecutor General's Office,Romania,Romanian Prosecutor General's Office,2022-03-01,2022,Ukraine,War crimes; Crimes against humanity,Universal jurisdiction,criminal,Ongoing investigation,ongoing,No,Romanian,,Romania joined the Eurojust Ukraine JIT as a founding member; national investigations ongoing.,JIT founding member,,,,,,,,,0,Eurojust — Four years of full-scale invasion: https://www.eurojust.europa.eu/news/four-years-full-scale-invasion-continuing-road-accountability-ukraine
ukraine-slovakia-jit,Slovakia — Ukraine investigations (JIT member),Prosecutor General's Office,Slovakia,Slovak Prosecutor General's Office,2022-03-01,2022,Ukraine,War crimes; Crimes against humanity,Universal jurisdiction,criminal,Ongoing investigation,ongoing,No,Slovak,,Slovakia is a JIT member at Eurojust; national investigations ongoing.,JIT member,,,,,,,,,0,Eurojust — Four years of full-scale invasion: https://www.eurojust.europa.eu/news/four-years-full-scale-invasion-continuing-road-accountability-ukraine
ukraine-czechia-investigation,Czech Republic — Ukraine investigations,Supreme Public Prosecutor's Office,Czech Republic,Czech Supreme Public Prosecutor's Office,2022-03-01,2022,Ukraine,War crimes; Crimes against humanity,Universal jurisdiction (Czech Criminal Code § 7),criminal,Ongoing investigation,ongoing,No,Czech,,Czech prosecutors opened UJ investigations into Russian conduct in Ukraine. Cooperates with Eurojust but is not a JIT member.,§ 7 Czech Criminal Code UJ,,,,,,,,,0,GRC UJ Handbook (June 2025) — Czech Republic section: https://globalrightscompliance.org/wp-content/uploads/2025/06/20250613-Handbook_UJ-final.pdf
ukraine-finland-additional,Finland — additional Ukraine investigations (KRP),KRP / National Prosecutor's Office,Finland,Finnish National Bureau of Investigation (KRP),2022-03-01,2022,Ukraine,War crimes; Crimes against humanity,"Universal jurisdiction (Finnish Criminal Code Ch. 1, § 7)",criminal,Ongoing investigation,ongoing,No,Finnish,,KRP investigating additional suspects beyond the Torden case; actively collects evidence on Russian conduct in Ukraine.,Evidence collection beyond Torden,,,,,,,,,0,GRC UJ Handbook (June 2025) — Finland section: https://globalrightscompliance.org/wp-content/uploads/2025/06/20250613-Handbook_UJ-final.pdf
ukraine-eurojust-jit,Eurojust Joint Investigation Team — Ukraine core international crimes,Eurojust JIT (multi-state),"Eurojust JIT (Estonia, Latvia, Lithuania, Poland, Romania, Slovakia, Ukraine; ICC + EUPM)",Eurojust coordination centre + national courts of member states,2026-03-20,2026,Ukraine,War crimes; Crimes against humanity; Illegal transfer of Ukrainian children; Crime of aggression (via ICPA),Universal jurisdiction (each member state's national law) + Eurojust coordination,criminal,Ongoing (mandate extended Mar 2026),ongoing,No,English,,"Largest international crimes JIT ever established, coordinated at Eurojust since April 2022. Now also encompasses illegal transfer of Ukrainian children. The International Centre for the Prosecution of the Crime of Aggression (ICPA) is co-located at Eurojust.",Largest JIT for core crimes | ICPA on aggression | Child transfer focus added 2024,,,,,,,,,0,Eurojust — JIT continues with focus on illegal transfer of Ukrainian children: https://www.eurojust.europa.eu/news/joint-investigation-team-continues-work-added-focus-illegal-transfer-ukrainian-children | Eurojust — Four years of full-scale invasion: https://www.eurojust.europa.eu/news/four-years-full-scale-invasion-continuing-road-accountability-ukraine
ukraine-europol-wagner-redut,Europol CICT — 654 Wagner/Redut suspects (multi-state),Europol CICT Phase 2,Multiple (Europol-supported),National courts of multiple states (evidence shared),2024-01-01,2024,Ukraine,War crimes,Universal jurisdiction; active nationality,criminal,Ongoing investigation,ongoing,No,English,,Europol's Core International Crimes Team supported a Phase 2 operation identifying 654 war crimes suspects tied to Wagner and Redut mercenary groups. Evidence shared with national prosecutors across multiple jurisdictions.,Wagner / Redut accountability | Cross-border evidence sharing,,,,,,,,,0,Europol — 654 war crimes suspects tied to Russian paramilitary: https://www.europol.europa.eu/media-press/newsroom/news/654-war-crimes-suspects-tied-to-russian-paramilitary
germany-sokolovic-bosnia,Maksim Sokolović (Bosnia),3 StR 372/00,Germany,Higher Regional Court of Düsseldorf; Federal Court of Justice (BGH),2001-02-21,2001,Bosnia and Herzegovina,Genocide; War crimes (grave breaches),Universal jurisdiction (StGB § 6 No. 1),criminal,9 years' imprisonment (conviction confirmed),conviction,No,German,,"Bosnian Serb convicted in Germany for aiding and abetting genocide and grave breaches of the Geneva Conventions committed in Kalinovik (Bosnia) in 1992. The BGH appeal judgment is a foundational German UJ precedent, confirming the application of § 6 No. 1 StGB to genocide committed abroad against non-German victims.",Foundational German UJ precedent for genocide | Aiding and abetting genocide | BGH confirms extraterritorial reach of § 6 StGB,https://www.internationalcrimesdatabase.org/Case/940/Sokolovic/,,,,,,,,2,Asser ICD — Sokolović: https://www.internationalcrimesdatabase.org/Case/940/Sokolovic/
netherlands-nzapali-drc,"Sébastien Nzapali — ""King of Beasts"" (DRC)",LJN AT8788,Netherlands,District Court of Rotterdam,2004-04-07,2004,Democratic Republic of Congo (Zaire),Torture,Universal jurisdiction (Dutch Torture Convention Implementation Act),criminal,2.5 years' imprisonment,conviction,No,Dutch,TIM (International Crimes Team),"First Dutch universal jurisdiction conviction for torture. Former commander of the Garde Civile under Mobutu, known as 'King of Beasts', convicted for the torture of a customs officer in Matadi (1996). The case opened the way for subsequent Dutch UJ prosecutions (Bouterse, Afghan KhAD officials, Mpambara).",First Dutch UJ conviction under the Torture Convention Implementation Act | Command responsibility of paramilitary commander,https://www.internationalcrimesdatabase.org/Case/1182/Nzapali/,,,,,,,,1,Asser ICD — Nzapali: https://www.internationalcrimesdatabase.org/Case/1182/Nzapali/
germany-ladjedvardi-syria,Aria Ladjedvardi (Syria — desecration),5-3 StE 2/16 - 4 - 1/16,Germany,Higher Regional Court of Frankfurt am Main,2016-07-12,2016,Syria,War crimes against persons (treatment of dead bodies — § 8(1) No. 9 VStGB),Universal jurisdiction (VStGB § 1),criminal,2 years' imprisonment,conviction,No,German,Generalbundesanwalt (GBA) — ZBKV,"First conviction worldwide under the war crime of treating dead bodies in a 'gravely humiliating or degrading' manner. The defendant, a German foreign fighter who joined a Sunni armed group in Syria in 2014, posed for photographs holding severed heads of Syrian government soldiers. Landmark application of § 8(1) No. 9 VStGB and an early German UJ Syria conviction predating the Eyad A. and Raslan trials.",First conviction worldwide for the war crime of degrading treatment of dead bodies | Foreign fighter accountability under VStGB | Foundation for subsequent German Syria UJ cases,https://www.internationalcrimesdatabase.org/Case/3276/Aria-Ladjedvardi/,ECCHR (https://www.ecchr.eu/en/case/photographs-of-the-dead-an-isis-supporter-on-trial-in-germany/),,,,,,,1,Asser ICD — Aria Ladjedvardi: https://www.internationalcrimesdatabase.org/Case/3276/Aria-Ladjedvardi/ | ECCHR — Photographs of the dead: https://www.ecchr.eu/en/case/photographs-of-the-dead-an-isis-supporter-on-trial-in-germany/
canada-munyaneza-rwanda,Désiré Munyaneza (Rwanda),500-73-002500-052,Canada,Superior Court of Quebec; Quebec Court of Appeal; Supreme Court of Canada,2009-05-22,2009,Rwanda,Genocide; Crimes against humanity; War crimes,Universal jurisdiction (Canadian Crimes Against Humanity and War Crimes Act 2000),criminal,Life imprisonment (25 years minimum) — confirmed on appeal; Supreme Court refused leave 2014,conviction,No,French,RCMP War Crimes Section / PPSC Crimes Against Humanity and War Crimes Section,"First conviction under Canada's Crimes Against Humanity and War Crimes Act (2000). Hutu businessman from Butare convicted for direct participation in the 1994 Rwandan genocide (rapes, murders, pillage). The Court of Appeal upheld the conviction in 2014 and the Supreme Court refused leave to appeal, making it a definitive Canadian UJ precedent.",First Canadian UJ conviction for international crimes | CAHWCA constitutionality confirmed | Active personality + UJ jurisdiction over Rwandan genocidaire,https://www.internationalcrimesdatabase.org/Case/975/Munyaneza/,,,,,,,,2,Asser ICD — Munyaneza: https://www.internationalcrimesdatabase.org/Case/975/Munyaneza/
canada-mungwarere-rwanda,Jacques Mungwarere (Rwanda),Ontario Superior Court of Justice,Canada,Ontario Superior Court of Justice,2013-07-05,2013,Rwanda,Genocide,Universal jurisdiction (Canadian Crimes Against Humanity and War Crimes Act 2000),criminal,Acquittal (reasonable doubt on identification),acquittal,No,French,RCMP War Crimes Section / PPSC,Second Canadian UJ prosecution under the CAHWCA. Rwandan Hutu accused of participating in genocide in the Kibuye region (April–July 1994) acquitted by Justice Charbonneau due to identification weaknesses and credibility issues among prosecution witnesses. The acquittal is a key precedent on evidentiary standards in extraterritorial mass-crime trials.,Evidentiary standards for UJ genocide prosecutions | Witness credibility and identification 20 years after the facts,https://www.internationalcrimesdatabase.org/Case/3261/Mungwarere/,,,,,,,,2,Asser ICD — Mungwarere: https://www.internationalcrimesdatabase.org/Case/3261/Mungwarere/
spain-cavallo-argentina,Ricardo Miguel Cavallo (Argentina — Dirty War),Juzgado Central de Instrucción Nº 5,Spain,Audiencia Nacional; Juzgado Central de Instrucción Nº 5 (Garzón),2003-06-28,2003,Argentina,Genocide; Terrorism; Torture,Universal jurisdiction (Spanish LOPJ Art. 23.4),criminal,"Extradited from Mexico to Spain (2003), then to Argentina (2008); convicted in Argentina (life, 2011)",conviction,No,Spanish,,"Former Argentine navy officer of the ESMA detention centre, located in Mexico in 2000. Spain (Judge Garzón) issued an extradition request and Mexico ordered his extradition in 2003 in a landmark UJ ruling. After years in Spanish custody, Cavallo was extradited to Argentina in 2008 once domestic prosecutions had resumed, and was sentenced to life imprisonment in Argentina in 2011. A foundational case on UJ + multi-state cooperation for past military-junta crimes.",Cross-continental UJ extradition (Mexico → Spain → Argentina) | Garzón's broad reading of LOPJ 23.4 (pre-2009 reform) | UJ as catalyst for return of forum to forum delicti commissi,https://www.internationalcrimesdatabase.org/Case/1080/Cavallo/,,,,,,,,2,Asser ICD — Cavallo: https://www.internationalcrimesdatabase.org/Case/1080/Cavallo/
netherlands-bouterse-suriname,Desiré Bouterse (Suriname — December murders),LJN AB1471,Netherlands,Supreme Court of the Netherlands (Hoge Raad),2001-09-18,2001,Suriname,Torture,Universal jurisdiction attempted under Torture Convention Implementation Act,criminal,Hoge Raad ruled UJ NOT applicable retroactively to pre-1989 acts; prosecution barred in NL,other,No,Dutch,,"Landmark Hoge Raad ruling on the temporal scope of universal jurisdiction. The Dutch Supreme Court held that the Torture Convention Implementation Act could NOT be applied to torture committed before its 1989 entry into force in the Netherlands, even if the underlying acts were already prohibited by customary international law. The ruling barred prosecution of Bouterse for the 1982 'December murders' in Suriname and remains a key precedent on the principle of legality (nullum crimen sine lege) in UJ cases.",No retroactive application of UJ statutes (nullum crimen) | Limits of customary international law as basis for domestic prosecution | Hoge Raad reversal of Court of Appeal Amsterdam,https://www.internationalcrimesdatabase.org/Case/834/Bouterse/,,,,,,,,2,Asser ICD — Bouterse: https://www.internationalcrimesdatabase.org/Case/834/Bouterse/
uk-zardad-afghanistan,Faryadi Sarwar Zardad (Afghanistan),Central Criminal Court (Old Bailey),United Kingdom,"Central Criminal Court (Old Bailey), London",2005-07-18,2005,Afghanistan,Torture; Hostage-taking,"Universal jurisdiction (Criminal Justice Act 1988, s. 134 — torture; Taking of Hostages Act 1982)",criminal,20 years' imprisonment,conviction,No,English,Metropolitan Police Counter Terrorism Command / War Crimes Team,First British universal jurisdiction conviction for international crimes. Afghan warlord and commander of a Hezb-e-Islami faction convicted by an English jury for torture and hostage-taking committed in Afghanistan between 1991 and 1996. The trial was the first under s. 134 of the Criminal Justice Act 1988 and the first to use live video-link evidence from witnesses in Kabul.,First UK UJ conviction under s. 134 CJA 1988 (torture) | Live video-link evidence from Afghanistan | Foundation for UK UJ practice,https://www.internationalcrimesdatabase.org/Case/1232/Zardad/,,,,,,,,2,Asser ICD — Zardad: https://www.internationalcrimesdatabase.org/Case/1232/Zardad/
netherlands-mpambara-rwanda,Joseph Mpambara (Rwanda),LJN BK0520,Netherlands,District Court of The Hague; Court of Appeal The Hague; Hoge Raad,2011-07-07,2011,Rwanda,War crimes; Torture,Universal jurisdiction (war crimes — Wet Oorlogsstrafrecht; torture — Implementation Act),criminal,"Life imprisonment (Court of Appeal, 2011) — confirmed by Hoge Raad (2012)",conviction,No,Dutch,TIM (International Crimes Team),"First Dutch UJ conviction relating to the Rwandan genocide. Joseph Mpambara, a Hutu militia member from Mugonero, was prosecuted in the Netherlands because Dutch law (at the time) did not allow genocide UJ for acts predating 2003 — he was therefore convicted for war crimes and torture (the underlying killings of Tutsi civilians). The Court of Appeal increased his sentence to life imprisonment, confirmed by the Hoge Raad in 2012. The case shaped subsequent Dutch UJ statutory reforms.",Workaround conviction (war crimes + torture) where genocide UJ was time-barred | Confirmed life sentence by Hoge Raad | Triggered Dutch UJ statute reform,https://www.internationalcrimesdatabase.org/Case/845/Mpambara/,,,,,,,,3,Asser ICD — Mpambara: https://www.internationalcrimesdatabase.org/Case/845/Mpambara/
france-kayumba-rwanda,Cyprien Kayumba (Rwanda — renvoi aux assises),Pôle crimes contre l'humanité — Paris,France,Tribunal judiciaire de Paris — Pôle CCH/CG/CDG (instruction); Cour d'assises de Paris (renvoi),2025-01-01,2025,Rwanda,Complicity in genocide; Complicity in crimes against humanity,Universal jurisdiction (CPP Art. 689-11),criminal,Renvoyé devant la Cour d'assises de Paris (instruction close),ongoing,No,French,Pôle CCH/CG/CDG — OCLCH,"Cyprien Kayumba, ancien comptable du ministère rwandais de la Défense pendant le génocide de 1994, a été renvoyé devant la Cour d'assises de Paris à l'issue d'une instruction du Pôle crimes contre l'humanité. Il est poursuivi pour complicité de génocide et complicité de crimes contre l'humanité pour son rôle dans le financement et la logistique des massacres. Plainte avec constitution de partie civile portée par le CPCR.",Renvoi aux assises pour complicité de génocide | Article 689-11 CPP | Rôle des fonctions civiles dans l'appareil génocidaire,https://www.collectifpartiescivilesrwanda.fr/medias/,CPCR (https://www.collectifpartiescivilesrwanda.fr/); FIDH (https://www.fidh.org),CPCR; Ibuka France,,,,,,1,"CPCR — Collectif des parties civiles pour le Rwanda (chroniques d'audience, arrêts, lettres de motivation): https://www.collectifpartiescivilesrwanda.fr/proces/ | AFP — Cyprien Kayumba renvoyé devant les assises: https://www.collectifpartiescivilesrwanda.fr/medias/"
france-serubuga-rwanda,Laurent Serubuga (Rwanda — instruction),Pôle crimes contre l'humanité — Paris,France,"Pôle crimes contre l'humanité, Tribunal judiciaire de Paris",2013-01-01,2013,Rwanda,Genocide; Crimes against humanity,Universal jurisdiction (CPP Art. 689-11),criminal,Mis en examen — instruction en cours,ongoing,No,French,Pôle CCH/CG/CDG — OCLCH,"Ancien chef d'état-major adjoint des Forces armées rwandaises (FAR) sous Habyarimana, mis en examen en France pour génocide et crimes contre l'humanité. Considéré comme l'un des plus hauts gradés militaires rwandais réfugiés en France faisant l'objet d'une procédure pénale. Plaintes portées par le CPCR. La procédure illustre les difficultés des instructions de longue durée pour les hauts responsables présumés du génocide.",Compétence universelle (689-11 CPP) | Responsabilité hiérarchique militaire | Instruction longue durée — haut gradé FAR,https://www.collectifpartiescivilesrwanda.fr/proces/,CPCR (https://www.collectifpartiescivilesrwanda.fr/); FIDH (https://www.fidh.org),CPCR; Ibuka France,,,,,,0,"CPCR — Collectif des parties civiles pour le Rwanda (chroniques d'audience, arrêts, lettres de motivation): https://www.collectifpartiescivilesrwanda.fr/proces/"
france-ben-said-tunisia,Khaled Ben Saïd (Tunisia — torture),Cour d'assises du Bas-Rhin / Cour d'assises de Meurthe-et-Moselle,France,Cour d'assises du Bas-Rhin (1st); Cour d'assises de Meurthe-et-Moselle (appeal),2008-12-15,2008,Tunisia,"Torture (Article 689-2 CPP, Convention against Torture)",Universal jurisdiction (CPP Art. 689-2 — Torture Convention),criminal,"8 years' imprisonment (1st instance, 2008); increased to 12 years on appeal (2010)",conviction,No,French,Pôle CCH/CG/CDG — OCLCH,"First conviction in France under the universal jurisdiction provisions of the Convention against Torture (CPP Art. 689-2). Former Tunisian vice-consul Khaled Ben Saïd, previously a police chief in Jendouba, was convicted in absentia in 2008 (8 years) and again on appeal in 2010 (12 years) for acts of torture committed in Tunisia in 1996 against Zoulaikha Gharbi. Landmark precedent for French UJ for torture committed abroad against a foreign victim, opened by the Comité pour le respect des libertés et des droits de l'homme en Tunisie and FIDH/LDH.",First French UJ conviction for torture (CPP 689-2) | In absentia conviction confirmed on appeal | Diplomatic functions ≠ functional immunity for torture,https://competenceuniverselle.amnesty.fr/affaire/khaled-ben-said-auteur-condamne/,FIDH (https://www.fidh.org); Ligue des droits de l'Homme (LDH) (https://www.ldh-france.org); ACAT-France (https://www.acatfrance.fr),,,,,,https://competenceuniverselle.amnesty.fr/affaire/khaled-ben-said-auteur-condamne/,3,Amnesty France — Cartographie compétence universelle: https://competenceuniverselle.amnesty.fr/affaire/khaled-ben-said-auteur-condamne/ | FIDH — Khaled Ben Saïd: https://www.fidh.org/fr/regions/maghreb-moyen-orient/tunisie/
france-ntawukuriryayo-rwanda,Dominique Ntawukuriryayo (Rwanda),Cour d'assises de Paris,France,Cour d'assises de Paris,2023-12-22,2023,Rwanda,Complicity in genocide; Complicity in crimes against humanity,Universal jurisdiction (CPP Art. 689-11),criminal,Mis en examen — instruction; renvoi devant la Cour d'assises de Paris (2023),ongoing,No,French,Pôle CCH/CG/CDG — OCLCH,"Ancien sous-préfet de Gisagara mis en examen et renvoyé devant la Cour d'assises de Paris pour complicité de génocide et complicité de crimes contre l'humanité. Le dossier illustre la coopération entre la France et le TPIR (où Ntawukuriryayo avait été condamné en 2010 à 25 ans, peine confirmée en 2011) puis la procédure française subséquente sur d'autres faits.",Compétence universelle (689-11 CPP) | Articulation TPIR / juridictions nationales | Sous-préfet — responsabilité hiérarchique civile,https://competenceuniverselle.amnesty.fr/affaire/dominique-ntawukuriryayo/,CPCR (https://www.collectifpartiescivilesrwanda.fr/); FIDH (https://www.fidh.org),CPCR; Ibuka France,,,,,https://competenceuniverselle.amnesty.fr/affaire/dominique-ntawukuriryayo/,0,Amnesty France — Cartographie compétence universelle: https://competenceuniverselle.amnesty.fr/affaire/dominique-ntawukuriryayo/ | CPCR — Collectif des parties civiles pour le Rwanda: https://www.collectifpartiescivilesrwanda.fr/proces/
france-dabbagh-syria,"Affaire Dabbagh (Syria — Mamlouk, Hassan, Mahmoud)",Cour d'assises de Paris,France,Cour d'assises de Paris,2024-05-24,2024,Syria,Crimes against humanity; War crimes; Complicity,Universal jurisdiction + active personality (victims French-Syrian),criminal,"Life imprisonment (in absentia) — Ali Mamlouk, Jamil Hassan, Abdel Salam Mahmoud",conviction,No,French,PNAT — Pôle CCH/CG/CDG,"Trois hauts responsables du régime syrien — Ali Mamlouk (directeur du Bureau de la sécurité nationale), Jamil Hassan (ex-directeur des renseignements de l'armée de l'air) et Abdel Salam Mahmoud (ex-chef des enquêtes de la branche 235) — condamnés par contumace à la réclusion criminelle à perpétuité par la Cour d'assises de Paris le 24 mai 2024. Première condamnation au monde de hauts responsables syriens en exercice pour crimes contre l'humanité, jugée sur la base des disparitions forcées et meurtres de Mazzen Dabbagh et de son fils Patrick (binationaux franco-syriens) en 2013. Procédure portée par le FIDH, la LDH et le SCM (Syrian Center for Media and Freedom of Expression).",Première condamnation au monde de hauts responsables syriens en exercice pour CCH | Procès par contumace — méthodologie FR pour crimes systémiques | Article 689-11 + 113-7 CP (victime française),https://competenceuniverselle.amnesty.fr/affaire/affaire-dabbagh/,FIDH (https://www.fidh.org); Ligue des droits de l'Homme (LDH) (https://www.ldh-france.org); Syrian Center for Media (SCM) (https://scm.bz),,,,,,https://competenceuniverselle.amnesty.fr/affaire/affaire-dabbagh/,1,Amnesty France — Cartographie compétence universelle: https://competenceuniverselle.amnesty.fr/affaire/affaire-dabbagh/ | FIDH — Affaire Dabbagh: https://www.fidh.org/fr/regions/maghreb-moyen-orient/syrie/
france-qosmos-syria,"Qosmos (Syria — surveillance technology, corporate)",Pôle CCH — Paris (instruction),France,Tribunal judiciaire de Paris — Pôle CCH (instruction),2021-09-15,2021,Syria,Complicity in acts of torture,Universal jurisdiction (CPP Art. 689-2 — Torture Convention),criminal,Non-lieu (dismissal) — September 2021,other,Yes,French,Pôle CCH/CG/CDG — OCLCH,"Plainte déposée en 2012 par la FIDH et la LDH contre la société française Qosmos, accusée d'avoir fourni au régime syrien des technologies de surveillance ('Deep Packet Inspection') ayant facilité l'identification et la torture de dissidents. Après près de dix ans d'instruction, un non-lieu a été rendu en septembre 2021, faute d'éléments suffisants caractérisant l'intention de complicité. Une décision-clé sur les limites de la complicité d'entreprise dans la jurisprudence française.",Limites de la complicité corporative — exigence d'intention | Premier dossier français visant un fournisseur de technologies de surveillance | Non-lieu — durée d'instruction (9 ans),https://competenceuniverselle.amnesty.fr/affaire/qosmos/,FIDH (https://www.fidh.org); Ligue des droits de l'Homme (LDH) (https://www.ldh-france.org),,,,,,https://competenceuniverselle.amnesty.fr/affaire/qosmos/,1,Amnesty France — Cartographie compétence universelle: https://competenceuniverselle.amnesty.fr/affaire/qosmos/ | FIDH — Qosmos / Syrie: https://www.fidh.org/fr/themes/mondialisation-droits-humains/
france-barril-rwanda,Paul Barril (Rwanda — complicity in genocide),Pôle CCH — Paris (instruction),France,Tribunal judiciaire de Paris — Pôle CCH (instruction),2013-06-25,2013,Rwanda,Complicity in genocide; Complicity in crimes against humanity,Active personality (French national — CP Art. 113-6) + universal jurisdiction,criminal,Instruction en cours (ouverte 2013),ongoing,No,French,Pôle CCH/CG/CDG — OCLCH,"Plainte avec constitution de partie civile déposée par le CPCR et Survie en juin 2013 contre l'ancien capitaine de la gendarmerie française Paul Barril, ancien membre du GIGN, pour complicité de génocide et complicité de crimes contre l'humanité. Il lui est reproché un 'contrat d'assistance' signé en mai 1994 avec le gouvernement intérimaire rwandais et la fourniture d'armes pendant le génocide. Dossier emblématique sur le rôle d'anciens militaires français au Rwanda et sur les responsabilités individuelles dans le soutien logistique au régime génocidaire.",Rôle d'anciens militaires français pendant le génocide | Complicité par fourniture d'armes et conseil militaire | Compétence personnelle active (CP 113-6),https://competenceuniverselle.amnesty.fr/affaire/paul-barril/,CPCR (https://www.collectifpartiescivilesrwanda.fr/); Survie (https://survie.org); FIDH (https://www.fidh.org),CPCR; Survie; Ibuka France,,,,,https://competenceuniverselle.amnesty.fr/affaire/paul-barril/,0,Amnesty France — Cartographie compétence universelle: https://competenceuniverselle.amnesty.fr/affaire/paul-barril/ | CPCR — Collectif des parties civiles pour le Rwanda: https://www.collectifpartiescivilesrwanda.fr/proces/ | Survie — Dossier Barril: https://survie.org/themes/justice-internationale-et-impunite/
sweden-sakhanh-syria,Haisam Omar Sakhanh (Syria — execution of POWs),B 3787-16,Sweden,Stockholms tingsrätt (1st instance); Svea hovrätt (appeal),2017-02-16,2017,Syria,Grave breach of international humanitarian law; War crime (summary execution of prisoners of war),Universal jurisdiction (BrB 2:3),criminal,Life imprisonment (upheld on appeal 2017-05-31),conviction,No,Swedish,Swedish Police War Crimes Unit,"Former Syrian rebel commander convicted in Sweden for participating in the summary execution of seven captured Syrian government soldiers in Idlib province in May 2012, documented in a New York Times video. Sweden's first IHL conviction relating to the Syrian conflict. The court held that the captured soldiers qualified as POWs in a non-international armed conflict and that their execution constituted a war crime.",Application of Common Article 3 to NIAC | POW status in non-international armed conflict | Universal jurisdiction over war crimes,https://www.legal-tools.org/doc/e5c4ef/,,,,,,,,2,ICD — Sakhanh: https://www.internationalcrimesdatabase.org/Case/3409/Sakhanh/ | TRIAL International — Sakhanh: https://trialinternational.org/latest-post/haisam-omar-sakhanh/
sweden-droubi-syria,Mouhannad Droubi (Syria — torture of POW),B 1837-16 / B 6262-16,Sweden,Södertörns tingsrätt; Svea hovrätt (appeal),2017-03-02,2017,Syria,Grave breach of international humanitarian law; War crime (torture / inhuman treatment),Active personality (Swedish resident) + universal jurisdiction,criminal,8 years imprisonment (upheld on appeal),conviction,No,Swedish,Swedish Police War Crimes Unit,"Syrian Free Syrian Army fighter prosecuted in Sweden for participating in the beating and abuse of a captured Syrian government soldier in 2012. Evidence based on a mobile-phone video. One of Sweden's earliest convictions for war crimes in the Syrian conflict, applying Common Article 3 and customary IHL to a non-international armed conflict.",War crime in NIAC — torture/inhuman treatment | Mobile-phone video as evidence | Joint criminal action,https://uitspraken.rechtspraak.nl,,,,,,,,1,TRIAL International — Droubi: https://trialinternational.org/latest-post/mouhannad-droubi/
switzerland-sperisen-guatemala,Erwin Sperisen (Guatemala — extrajudicial killings),P/8813/2012,Switzerland,Cour de justice du Canton de Genève (Chambre pénale d'appel),2018-04-27,2018,Guatemala,Complicity in murder (7 extrajudicial prison killings),Active personality (Swiss national — CP Art. 7),criminal,15 years imprisonment (final after Tribunal fédéral 2019),conviction,No,French,Ministère public du Canton de Genève,"Erwin Sperisen, former director of Guatemala's National Civil Police and Swiss-Guatemalan dual national, was prosecuted in Geneva for his role in the 2006 extrajudicial executions of seven inmates at the Pavón prison. Initially sentenced to life (2014), reduced to 15 years on retrial after the Bundesgericht annulled part of the conviction. Landmark Swiss active-personality case for international crimes committed abroad by a Swiss national.",Active personality jurisdiction (CP 7) | Command responsibility for police operations | Extrajudicial killings as murder under Swiss criminal law,https://trialinternational.org/latest-post/erwin-sperisen/,TRIAL International (https://trialinternational.org),,,,,,,2,TRIAL International — Sperisen: https://trialinternational.org/latest-post/erwin-sperisen/ | Legal Tools — Sperisen: https://www.legal-tools.org/case/sperisen/
norway-repak-bosnia,Mirsad Repak (Bosnia — unlawful detention),LB-2009-24039 / HR-2011-808-A,Norway,Borgarting lagmannsrett; Norges Høyesterett,2011-04-28,2011,Bosnia-Herzegovina,War crimes (unlawful deprivation of liberty — 13 counts),Active personality (Norwegian national),criminal,8 years imprisonment (Høyesterett 2011),conviction,No,Norwegian,Kripos — National War Crimes Section,"Norwegian-Bosnian dual national prosecuted for participation in the unlawful detention and ill-treatment of Serb civilians at the Dretelj camp in 1992. Norway's first post-WWII war-crimes conviction. The Supreme Court ruled on retroactivity, holding that the 2008 Norwegian Criminal Code provisions on war crimes could not apply retroactively to 1992 conduct, but that the underlying conduct was punishable under pre-existing Norwegian criminal law.",Non-retroactivity of 2008 war-crimes provisions | Pre-existing criminality under ordinary criminal law | Active personality jurisdiction,https://lovdata.no/dokument/HRENG/avgjorelse/hr-2011-808-a-eng,,,,,,,,2,ICD — Repak: https://www.internationalcrimesdatabase.org/Case/1245/Repak/
norway-bugingo-rwanda,Sadi Bugingo (Rwanda — complicity in genocide),LB-2014-172481,Norway,Borgarting lagmannsrett,2015-02-13,2015,Rwanda,"Complicity in genocide (murder of approx. 2,000 Tutsi at Kibungo)",Universal jurisdiction,criminal,21 years imprisonment (upheld on appeal),conviction,No,Norwegian,Kripos — National War Crimes Section,"Rwandan businessman convicted in Norway for organizing and directing massacres in the Kibungo region during the 1994 Rwandan genocide. Norway's first genocide conviction. The Court of Appeal upheld the 21-year sentence imposed by Oslo District Court, applying the ordinary murder provisions of the 1902 Penal Code because the 2008 war-crimes/genocide provisions could not apply retroactively.",Genocide conduct prosecuted as murder (non-retroactivity bar) | Universal jurisdiction | Evidence gathered via international cooperation with Rwanda,https://lovdata.no/dokument/LBSTR/avgjorelse/lb-2014-172481,,,,,,,,2,TRIAL International — Bugingo: https://trialinternational.org/latest-post/sadi-bugingo/
finland-bazaramba-rwanda,François Bazaramba (Rwanda — genocide),KKO:2014:93,Finland,Itä-Uudenmaan käräjäoikeus; Helsinki hovioikeus; Korkein oikeus,2014-12-12,2014,Rwanda,Genocide (Rwanda 1994),Universal jurisdiction (RL 1:7),criminal,"Life imprisonment (final, upheld by Supreme Court)",conviction,No,Finnish,Finnish National Bureau of Investigation (KRP),"Rwandan Baptist pastor prosecuted in Finland for organizing and participating in the killing of Tutsi during the 1994 genocide in the Nyakizu commune. Finland's first genocide trial. The court conducted unprecedented hearings on Rwandan soil. The Supreme Court (Korkein oikeus) upheld the life sentence in 2014, confirming Finnish universal jurisdiction over genocide and the admissibility of evidence collected abroad.",Universal jurisdiction over genocide | Hearings conducted in Rwanda by Finnish court | Witness evidence collection methodology,https://finlex.fi/fi/oikeuskaytanto/korkein-oikeus/ennakkopaatokset/2014/93,,,,,,,,3,ICD — Bazaramba: https://www.internationalcrimesdatabase.org/Case/1208/Bazaramba/ | TRIAL International — Bazaramba: https://trialinternational.org/latest-post/francois-bazaramba/
norway-gedi-somalia,Mahad Abas Gedi (Somalia — al-Shabaab),HR-2020-1340-A,Norway,Norges Høyesterett,2020-08-28,2020,Somalia,Terrorism; Complicity in war crimes (al-Shabaab killings),Active personality (Norwegian resident),criminal,Supreme Court ruling on liability; remitted for retrial,ongoing,No,Norwegian,Kripos / PST,"Somali-Norwegian national prosecuted for participating in al-Shabaab attacks in Somalia. The Supreme Court issued a landmark ruling on the criminal liability of foreign fighters for participation in a terrorist organization that conducts war crimes, clarifying the boundary between terrorism offences and IHL violations.",Foreign-fighter liability framework | Terrorism vs. war crimes characterization | Active personality jurisdiction,https://lovdata.no/dokument/HRENG/avgjorelse/hr-2020-1340-a-eng,,,,,,,,1,
germany-rwabukombe-rwanda,Onesphore Rwabukombe (Rwanda — Kiziguro church massacre),3 StR 233/13,Germany,Bundesgerichtshof / OLG Frankfurt am Main,2015-05-21,2015,Rwanda,Genocide,Universal jurisdiction (§ 6 StGB),criminal,Life imprisonment (after BGH reversal and retrial),conviction,No,German,ZBKV / GBA,"Former Rwandan burgomaster tried in Frankfurt for orchestrating the Kiziguro church massacre (~400 Tutsi victims, April 1994). The BGH's 2015 landmark ruling reclassified his role from mere aiding to genocidal co-perpetration (Mittäterschaft), and on retrial the OLG Frankfurt imposed a life sentence.",Co-perpetration of genocide (Mittäterschaft) | Mobilising and directing killers as genocidal authorship,https://www.hrr-strafrecht.de/hrr/3/13/3-233-13.php,ECCHR; TRIAL International,,,,,,,2,
netherlands-kouwenhoven-liberia,Guus Kouwenhoven (Liberia — arms-for-timber),ECLI:NL:GHSHE:2017:1760,Netherlands,Gerechtshof 's-Hertogenbosch / Hoge Raad,2017-04-21,2017,Liberia,War crimes; Complicity in murder; Illegal arms trafficking; Use of child soldiers,Active personality (Dutch national),criminal,19 years' imprisonment (upheld by Hoge Raad 2018),conviction,Yes,Dutch,,"Dutch timber tycoon convicted for supplying weapons and logistics to Charles Taylor's forces in exchange for logging concessions, making him complicit in atrocities including mass murder. The first Dutch conviction of a businessman for international crimes; the Hoge Raad upheld the conviction in 2018.",Corporate complicity in war crimes | Active personality jurisdiction over Dutch nationals abroad,https://uitspraken.rechtspraak.nl/details?id=ECLI:NL:GHSHE:2017:1760,Global Witness; Open Society Justice Initiative,,,,,,,2,
belgium-ntuyahaga-paras,Bernard Ntuyahaga (Rwanda — killing of 10 Belgian UNAMIR paracommandos),Cour d'assises Bruxelles 2007,Belgium,Cour d'assises de Bruxelles-Capitale,2007-07-05,2007,Rwanda,War crimes; Murder of UN peacekeepers,"Universal jurisdiction (loi du 16 juin 1993, amended)",criminal,20 years' imprisonment,conviction,No,French,,"Rwandan Army major originally indicted by the ICTR, transferred to Belgium after the ICTR Prosecutor withdrew charges. The Brussels Assizes convicted him for ordering the murder of 10 Belgian peacekeepers on 7 April 1994 — the crime that precipitated Belgium's UN troop withdrawal.",UJ over war crimes against UN peacekeepers | Transfer from international to national jurisdiction,https://francegenocidetutsi.org/NtuyahagaCourAssisesArret05juillet2007.html.en,TRIAL International; FIDH,,,,,,,1,
denmark-saric-bosnia,"Refik Sarić (Bosnia — Dretelj camp, Denmark's first UJ case)",Højesteret 1995,Denmark,Østre Landsret / Højesteret,1995-08-15,1995,Bosnia and Herzegovina,Torture; War crimes,Universal jurisdiction (Danish Penal Code § 8(5); CAT),criminal,8 years' imprisonment,conviction,No,Danish,,Bosnian Croat living in Denmark convicted for personally torturing Muslim prisoners of war at the Dretelj detention camp in 1993. Denmark's first extra-territorial prosecution for international crimes and one of the earliest European UJ torture convictions.,Earliest European UJ torture conviction post-CAT | Sufficiency of CAT obligations as basis for domestic prosecution,https://hudoc.echr.coe.int/eng?i=001-21998,,,,,,,,1,
austria-cvjetkovic-bosnia,Duško Cvjetković (Bosnia — first European UJ genocide trial),OGH 13Os4/94,Austria,Landesgericht Salzburg / Oberster Gerichtshof,1994-06-21,1994,Bosnia and Herzegovina,Genocide,Universal jurisdiction (§ 65(1)(2) StGB; Genocide Convention),criminal,Acquitted (insufficient evidence); OGH affirmed UJ competence,acquittal,No,German,,"The first person ever tried for genocide in Europe under universal jurisdiction, brought before a Salzburg jury for alleged massacres of Bosniaks in the Foča area in 1992. Despite acquittal on evidentiary grounds, the OGH affirmed Austria's jurisdictional competence under the Genocide Convention — a foundational European UJ precedent.",Austrian UJ over genocide under Genocide Convention | First European UJ genocide trial,https://www.ris.bka.gv.at/Dokument.wxe?Abfrage=Justiz&Dokumentnummer=JJT_19940621_OGH0002_0130OS00004_9400000_000,,,,,,,,2,
sweden-mbanenande-rwanda,Stanislas Mbanenande (Rwanda — Sweden's first genocide conviction),Stockholms tingsrätt B 4084-12,Sweden,Stockholms tingsrätt / Svea hovrätt,2013-06-20,2013,Rwanda,Genocide; Gross violation of international law,Universal jurisdiction / active personality (Swedish citizen),criminal,Life imprisonment (upheld on appeal 2014),conviction,No,Swedish,,"Swedish citizen of Rwandan origin convicted of leading local militia in multiple massacres of Tutsi civilians in western Rwanda in 1994. The first genocide conviction in Swedish history, relying extensively on Swedish-police field investigations in Rwanda.",Swedish UJ over genocide | Cross-border police investigation methodology,https://www.bbc.com/news/world-africa-22992242,Civil Rights Defenders,,,,,,,2,
sweden-berinkindi-rwanda,Claver Berinkindi (Rwanda — Gitarama massacres),Svea hovrätt B 2259-15,Sweden,Stockholms tingsrätt / Svea hovrätt,2016-05-16,2016,Rwanda,Genocide; Murder; War crimes,Universal jurisdiction / active personality (Swedish citizen),criminal,Life imprisonment (upheld; HD denied review),conviction,No,Swedish,,Swedish-Rwandan businessman convicted of organising large-scale massacres of Tutsi in Gitarama Prefecture in 1994 and personally shooting victims. Sweden's second genocide conviction; Svea hovrätt upheld life imprisonment in May 2016 and the Högsta domstolen denied leave to appeal.,Second Swedish UJ genocide conviction,https://www.newtimes.co.rw/article/137989/News/swedish-appeals-court-upholds-berinkindi-life-jail-term,Civil Rights Defenders,,,,,,,2,
sweden-tabaro-rwanda,Theodor Tabaro / Rukeratabaro (Rwanda — school massacre),Stockholms tingsrätt B 14592-17,Sweden,Stockholms tingsrätt / Svea hovrätt,2018-06-27,2018,Rwanda,Genocide; Gross violation of international law,Universal jurisdiction / active personality (Swedish citizen),criminal,Life imprisonment (upheld on appeal 2019),conviction,No,Swedish,,"Örebro resident (who had changed his name from Rukeratabaro) convicted of leading an interahamwe unit that killed hundreds of Tutsi sheltering at a school in Kigali-Rural in April 1994. Sweden's third genocide conviction, notable for the appellate court's on-site evidence-gathering visit to Rwanda.",Third Swedish UJ genocide conviction | In situ appellate evidence-gathering in Rwanda,https://www.newtimes.co.rw/article/166136/Kwibuka/swedish-court-upholds-life-sentence-for-genocide-convict-rukeratabaro,Civil Rights Defenders,,,,,,,2,
southafrica-zimbabwe-torture-docket,National Commissioner SAPS v. SALC (Zimbabwe Torture Docket),CCT 02/14; [2014] ZACC 30,South Africa,Constitutional Court of South Africa,2014-10-30,2014,Zimbabwe,Torture as crime against humanity,Universal jurisdiction (ICC Implementation Act 27 of 2002; CAT),criminal,SAPS ordered to open formal investigation (unanimous),other,No,English,,"After SAPS refused to investigate a SALC dossier on Zimbabwean state torture of MDC activists, the Constitutional Court unanimously held that South African law and international obligations require investigation of crimes against humanity occurring abroad. A landmark African UJ ruling establishing the duty to investigate as non-discretionary.",Duty to investigate CAH abroad is mandatory | ICC Implementation Act read in light of customary international law,https://www.saflii.org/za/cases/ZACC/2014/30.html,Southern Africa Litigation Centre; Zimbabwe Exiles Forum,,,,,,,2,
senegal-eac-habre-trial,Hissène Habré — EAC Trial Chamber Judgment,EAC Case No. 002/2015,Senegal (Extraordinary African Chambers),Chambres Africaines Extraordinaires — Trial Chamber,2016-05-30,2016,Chad,Crimes against humanity; War crimes; Torture; Rape; Sexual slavery,Hybrid tribunal / universal jurisdiction (AU–Senegal Agreement 2012),criminal,Life imprisonment + USD 123 million reparations,conviction,No,French,,"First-instance EAC judgment convicting former Chadian President Habré for atrocities committed during his 1982–1990 rule. The first time an African court applied universal jurisdiction under the AU framework to convict a former head of state, with major rulings on command responsibility, sexual slavery, and individual reparations.",UJ conviction of former head of state by African court | Sexual slavery as CAH | Individual reparations award,https://www.hrw.org/sites/default/files/supporting_resources/chad_habre_trial_judgment_2016_05_30.pdf,Human Rights Watch; FIDH; AVCRP,,,,,,,1,
senegal-eac-habre-appeal,Hissène Habré — EAC Appeals Chamber Judgment,EAC Appeals Chamber 002/2015,Senegal (Extraordinary African Chambers),Chambres Africaines Extraordinaires — Appeals Chamber,2017-04-27,2017,Chad,Crimes against humanity; War crimes; Torture; Sexual slavery,Hybrid tribunal / universal jurisdiction (AU–Senegal Agreement),criminal,Conviction upheld (life imprisonment); personal rape acquittal,conviction,No,French,,"The EAC Appeals Chamber upheld Habré's life sentence for CAH, war crimes and torture while modifying the judgment to acquit him personally of rape and affirming sexual slavery as CAH. The first appellate confirmation of an African head-of-state UJ conviction.",Appellate confirmation of UJ conviction of former head of state | Sexual slavery doctrine refined,https://www.icj.org/atrocity-conviction-of-chads-ex-dictator-hissene-habre-upheld/,Human Rights Watch; FIDH; ICJ,,,,,,,1,
argentina-querella-franco,Querella Argentina (Franco-era crimes in Spain),Causa No. 4591/2010,Argentina,Juzgado Nacional en lo Criminal y Correccional Federal No. 1 (Buenos Aires),2014-10-30,2014,Spain,Genocide; Crimes against humanity; Enforced disappearance; Torture; Extrajudicial killing,Universal jurisdiction (Argentine Penal Code; customary international law),criminal,Ongoing — international arrest warrants and indictments issued; Spain refuses extradition,ongoing,No,Spanish,,"The only criminal investigation in the world targeting Francoist crimes (1936–1977), opened after Spain's own courts closed relevant proceedings. Judge Servini de Cubría has issued international arrest warrants against former Francoist officials (including ex-Interior Minister Martín Villa) and indicted over 20 suspects. Spain has uniformly refused extradition.",Argentine UJ over crimes abroad against non-Argentine victims | Imprescriptibility of CAH and enforced disappearance,https://baltasargarzon.org/memoria-historica/querella-argentina/,CEAQUA; ARMH; Fundación Internacional Baltasar Garzón,,,,,,,2,
italy-abu-omar-rendition,Abu Omar / Nasr (Italy — CIA extraordinary rendition),Cass. pen. n. 46340/2012,Italy,Tribunale di Milano / Corte d'appello / Corte di Cassazione,2012-11-29,2012,Italy / Egypt,Kidnapping (sequestro di persona); Complicity in torture,Territorial (abduction in Milan) + active/passive personality for Italian co-conspirators,criminal,23 CIA officers + 1 USAF colonel convicted in absentia (7–9 yrs); 2 SISMI officers convicted,conviction,No,Italian,,"Egyptian cleric Hassan Mustafa Osama Nasr (Abu Omar) was seized on a Milan street by CIA and Italian intelligence in 2003 and rendered to Egypt, where he was tortured. The Milan Tribunal's 2009 judgment was the world's first trial of an extraordinary rendition operation; the Cassazione's 2012 ruling upheld most CIA convictions and confirmed that extraordinary rendition constitutes criminal kidnapping.",Extraordinary rendition = criminal kidnapping | State secrecy doctrine limits | Trials in absentia of foreign intelligence officers,https://opil.ouplaw.com/display/10.1093/law-ildc/1960it12.case.1/,Reprieve; Open Society Justice Initiative,,,,,,,2,
france-kabuga-irmct,Félicien Kabuga (France — arrest and surrender to the IRMCT),20-83.181,France,Cour de cassation (Chambre criminelle),2020-09-30,2020,Rwanda,Genocide; Crimes against humanity,Territorial arrest / cooperation with international mechanism,criminal,Transfer to the IRMCT confirmed,transfer,No,French,,"Félicien Kabuga, the ICTR/IRMCT’s most wanted fugitive, was arrested near Paris on 16 May 2020 after decades on the run. The Cour de cassation rejected his challenge and confirmed his surrender to the Mechanism (chambre de l’instruction Paris, 3 June 2020). The case bridges the national layer and the tribunals layer (IRMCT).",National courts’ role in executing international arrest warrants; judicial control over surrender to the IRMCT.,https://www.courdecassation.fr/decision/5fca327e89bc1fbc73ddc6dd,,,,,,,,1,Added from the 2026-07 Legal Data Hunter enrichment (see enrichment/ folder)
netherlands-basebya-rwanda,"Yvonne Basebya (Rwanda — Netherlands, incitement to genocide)",09/748004-09,Netherlands,District Court of The Hague,2013-03-01,2013,Rwanda,Incitement to genocide,Active personality (naturalised Dutch citizen),criminal,6 years and 8 months imprisonment,conviction,No,Dutch,,"First Dutch conviction for incitement to genocide: Yvonne Basebya, a naturalised Dutch citizen and CDR figure in Kigali, was convicted for inciting genocide through anti-Tutsi songs and meetings before April 1994. The Hoge Raad later ruled on her revision request.",Incitement to genocide as a stand-alone offence; evidentiary standards for pre-genocide incitement.,https://uitspraken.rechtspraak.nl/details?id=ECLI:NL:HR:2015:1230,,,,,,,,2,Added from the 2026-07 Legal Data Hunter enrichment (see enrichment/ folder)
belgium-sharon-yaron,H.S.A. et al. v. Ariel Sharon & Amos Yaron (Sabra and Shatila — Belgium),P.02.1139.F,Belgium,Cour de cassation (Belgium),2003-02-12,2003,Lebanon,Genocide; Crimes against humanity; War crimes,Universal jurisdiction (loi du 16 juin 1993 / 10 février 1999),criminal,Proceedings ended after the 2003 repeal of the universal jurisdiction law,dismissed,No,French,,"Complaint by survivors of the 1982 Sabra and Shatila massacre against Ariel Sharon, Amos Yaron and others. The Cour de cassation held that the 1993/1999 law did not require the accused’s presence in Belgium, while sitting foreign officials enjoyed immunity. The diplomatic storm that followed led to the repeal of the Belgian universal jurisdiction law in August 2003.",Presence not required for prosecution under the 1993/1999 law; immunity of incumbent foreign officials; the political limits of universal jurisdiction.,https://juportal.be/content/ECLI:BE:CASS:2003:CONC.20030212.22,,,,,,,,1,Added from the 2026-07 Legal Data Hunter enrichment (see enrichment/ folder)
france-javor-bosnia,In re Javor (Bosnian victims — France),95-81.527,France,Cour de cassation (Chambre criminelle),1996-03-26,1996,Bosnia and Herzegovina,Genocide; War crimes; Torture,Universal jurisdiction (attempted — rejected),criminal,French courts held to lack jurisdiction,dismissed,No,French,,"Bosnian refugees, supported by Cimade and the LDH, sought prosecution in France of crimes committed in Bosnian camps. The Cour de cassation confirmed the lack of French jurisdiction, holding the Geneva Conventions not directly applicable — the negative landmark that shaped France’s later statutory universal jurisdiction regime.",Geneva Conventions not self-executing in French law; need for statutory implementation of universal jurisdiction.,https://www.legifrance.gouv.fr/juri/id/JURITEXT000007068336,,,,,,,,1,Added from the 2026-07 Legal Data Hunter enrichment (see enrichment/ folder)
france-disparus-oran,"Disappeared of Oran, 5 July 1962 (France — Algeria)",91-82.246,France,Cour de cassation (Chambre criminelle),1991-11-14,1991,Algeria,Crimes against humanity (complaint),Passive personality,criminal,Venue settled (Paris); prosecution did not proceed,procedural,No,French,,Complaint with civil-party constitution by the wife of a man disappeared in Oran on 5 July 1962. The Cour de cassation settled venue for crimes committed abroad by unidentified perpetrators — part of the pre-1994 French crimes-against-humanity jurisprudence alongside Boudarel.,Venue for extraterritorial crimes against unidentified perpetrators; scope of pre-1994 CAH qualification.,https://www.legifrance.gouv.fr/juri/id/JURITEXT000007066570,,,,,,,,1,Added from the 2026-07 Legal Data Hunter enrichment (see enrichment/ folder)
spain-falun-gong,Falun Gong (Spain — universal jurisdiction over China),STC 227/2007,Spain,Tribunal Constitucional (Sala Segunda),2007-10-22,2007,China,Genocide; Torture,"Universal jurisdiction (art. 23.4 LOPJ, pre-2009 reform)",criminal,Amparo granted — investigation ordered reopened,procedural,No,Spanish,,Constitutional amparo applying the STC 237/2005 (Guatemala) doctrine of broad universal jurisdiction to the Falun Gong complaint against Chinese leaders — part of the Spanish UJ arc later curtailed by the 2009 and 2014 reforms.,Universal jurisdiction under art. 23.4 LOPJ requires no national link (pre-reform doctrine); right to effective judicial protection of the complainants.,https://hj.tribunalconstitucional.es/HJ/es/Resolucion/Show/6194,,,,,,,,1,Added from the 2026-07 Legal Data Hunter enrichment (see enrichment/ folder)
argentina-simon,"Simón, Julio Héctor y otros (Argentina — annulment of the amnesty laws)",Causa n° 17.768,Argentina,Corte Suprema de Justicia de la Nación,2005-06-14,2005,Argentina,Crimes against humanity; Enforced disappearance,Territorial,criminal,Amnesty laws declared unconstitutional; prosecutions reopened,landmark_ruling,No,Spanish,,"The landmark declaring the Punto Final and Obediencia Debida laws unconstitutional and void, reopening the prosecutions of dictatorship-era crimes against humanity across Argentina.",Amnesties for crimes against humanity are unconstitutional and void; imprescriptibility grounded in ius cogens and the Inter-American system (Barrios Altos).,https://sjconsulta.csjn.gov.ar/sjconsulta/documentos/verDocumentoByIdLinks498.html?idAnalisis=586338,,,,,,,,1,Added from the 2026-07 Legal Data Hunter enrichment (see enrichment/ folder)
argentina-arancibia-clavel,"Arancibia Clavel (Argentina — Prats assassination, imprescriptibility)",Causa n° 259,Argentina,Corte Suprema de Justicia de la Nación,2004-08-24,2004,Argentina,"Crimes against humanity (aggravated homicide; criminal association — DINA agent, assassination of General Carlos Prats and Sofía Cuthbert, 1974)",Territorial,criminal,Imprescriptibility affirmed; conviction stands,landmark_ruling,No,Spanish,,The CSJN held crimes against humanity imprescriptible on the basis of peremptory norms of customary international law incorporated with constitutional rank — decided against a Chilean DINA agent for the 1974 Buenos Aires assassination of General Prats.,Imprescriptibility of crimes against humanity under customary international law applies retroactively without violating legality.,https://sjconsulta.csjn.gov.ar/sjconsulta/documentos/verDocumentoByIdLinks498.html?idAnalisis=565288,,,,,,,,1,Added from the 2026-07 Legal Data Hunter enrichment (see enrichment/ folder)
guatemala-rios-montt,José Efraín Ríos Montt & Mauricio Rodríguez Sánchez (Guatemala — Ixil genocide),C-01076-2011-00015,Guatemala,Tribunal Primero de Sentencia Penal de Mayor Riesgo A / Corte de Constitucionalidad,2013-05-10,2013,Guatemala,Genocide; Crimes against the duties of humanity,Territorial,criminal,Conviction (80 years) annulled by the Constitutional Court on 20 May 2013; retrial ongoing at Ríos Montt’s death (2018); Rodríguez Sánchez acquitted (2018),conviction_annulled,No,Spanish,,The first conviction of a former head of state for genocide by a national court in his own country: on 10 May 2013 Ríos Montt was sentenced to 80 years for the genocide of the Maya Ixil. Ten days later the Corte de Constitucionalidad annulled the verdict on procedural grounds. The CC’s amparo line around the trial is indexed on its official portal.,Head-of-state accountability before domestic courts; amparo as both a defence tool and a systemic obstacle; victims’ participation (querellantes adhesivos).,https://jurisprudencia.cc.gob.gt/Sentencias/824470.1905-2013.pdf,,,,,,,,1,Added from the 2026-07 Legal Data Hunter enrichment (see enrichment/ folder)
peru-fujimori,Alberto Fujimori (Peru — Barrios Altos / La Cantuta),Exp. A.V. 19-2001,Peru,Sala Penal Especial de la Corte Suprema / Tribunal Constitucional,2009-04-07,2009,Peru,"Crimes against humanity (qualified homicide, grave injuries, aggravated kidnapping — Barrios Altos and La Cantuta)",Territorial (after extradition from Chile),criminal,25 years imprisonment (2009); humanitarian pardon litigation 2017-2023; released Dec 2023; died Sept 2024,conviction,No,Spanish,,"The first conviction of a democratically elected former head of state, extradited by his own region, for crimes against humanity: 25 years for the Barrios Altos and La Cantuta killings under autoría mediata (control over an organised apparatus of power). The Tribunal Constitucional’s habeas corpus / pardon line (2022-2025) governed his release against the IACtHR’s objections.",Autoría mediata of a head of state over an organised apparatus of power; pardon vs. supranational obligations; victims’ rights in execution of sentence.,https://www.tc.gob.pe/jurisprudencia/2025/03878-2021-HC.html,,,,,,,,1,Added from the 2026-07 Legal Data Hunter enrichment (see enrichment/ folder)
us-sosa-alvarez-machain,Sosa v. Alvarez-Machain (US — ATS framework),542 U.S. 692,United States,Supreme Court of the United States,2004-06-29,2004,Mexico,Arbitrary detention (cross-border abduction) — ATS civil claim,Alien Tort Statute (civil),civil,Claim rejected; ATS framework established,landmark_ruling,No,English,,"The framework ruling limiting ATS claims to violations of international-law norms as specific, universal and obligatory as the 18th-century paradigms — the gateway through which every modern ATS atrocity claim must pass.","ATS is jurisdictional; federal courts may recognise a narrow set of causes of action for specific, universal, obligatory norms of international law.",https://www.courtlistener.com/opinion/137006/sosa-v-alvarez-machain/,,,,,,,,1,Added from the 2026-07 Legal Data Hunter enrichment (see enrichment/ folder)
us-samantar-yousuf,"Yousuf v. Samantar (US — Somalia, foreign-official immunity)",560 U.S. 305 / 699 F.3d 763,United States,Supreme Court of the United States / Fourth Circuit,2010-06-01,2010,Somalia,Torture; Extrajudicial killing (TVPA/ATS civil),ATS / TVPA (civil),civil,No immunity; $21 million judgment against Samantar (2012),judgment_for_plaintiffs,No,English,,Somali victims sued former Prime Minister and Defence Minister Mohamed Ali Samantar. The Supreme Court held the FSIA does not shield individual foreign officials; on remand the Fourth Circuit held there is no common-law immunity for jus cogens violations — one of the clearest national immunity rulings anywhere.,FSIA inapplicable to individual officials; no foreign-official immunity for jus cogens violations (4th Cir. 2012).,https://www.courtlistener.com/opinion/147531/samantar-v-yousuf/,,,,,,,,2,Added from the 2026-07 Legal Data Hunter enrichment (see enrichment/ folder)
us-kadic-karadzic,"Kadić v. Karadžić (US — Bosnia, private-actor liability)",70 F.3d 232,United States,"U.S. Court of Appeals, Second Circuit",1995-10-13,1995,Bosnia and Herzegovina,Genocide; War crimes; Crimes against humanity (civil),ATS / TVPA (civil),civil,Claims reinstated; $4.5 billion default jury verdict (2000),judgment_for_plaintiffs,No,English,,"Bosnian victims sued Radovan Karadžić in New York. The Second Circuit held that genocide and war crimes are actionable against private individuals without state action, and that a de facto authority’s leader can be reached — a pillar of civil accountability for non-state actors.",Genocide and war crimes do not require state action; ATS reaches leaders of unrecognised de facto regimes.,https://www.courtlistener.com/opinion/7034388/kadic-v-karadzic/,,,,,,,,1,Added from the 2026-07 Legal Data Hunter enrichment (see enrichment/ folder)
us-belfast-chuckie-taylor,United States v. Belfast (Chuckie Taylor — first US torture-statute conviction),611 F.3d 783,United States,"U.S. Court of Appeals, Eleventh Circuit",2010-07-15,2010,Liberia,Torture; Conspiracy; Firearms offences,Active personality / extraterritorial torture statute (18 U.S.C. § 2340A),criminal,97-year sentence affirmed,conviction,No,English,,"Roy Belfast Jr. (Charles “Chuckie” Taylor Jr.), son of the Liberian president, was convicted for torture committed as head of Liberia’s Anti-Terrorist Unit — the first (and long the only) conviction under the US extraterritorial torture statute.",Constitutionality and extraterritorial reach of 18 U.S.C. § 2340A; CAT implementation in US criminal law.,https://www.courtlistener.com/opinion/150723/united-states-v-belfast/,,,,,,,,1,Added from the 2026-07 Legal Data Hunter enrichment (see enrichment/ folder)
us-forti-suarez-mason,"Forti v. Suarez-Mason (US — Argentine Dirty War, ATS)",694 F. Supp. 707,United States,"U.S. District Court, N.D. California",1988-07-25,1988,Argentina,Torture; Prolonged arbitrary detention; Summary execution; Disappearance (civil),ATS (civil),civil,Claims allowed to proceed; default judgment,judgment_for_plaintiffs,No,English,,"ATS suit by Argentine victims against General Carlos Guillermo Suárez-Mason, former commander of the First Army Corps — early post-Filártiga jurisprudence defining which norms are actionable, including recognition of causes of action for disappearance.","Actionability under the ATS of torture, prolonged arbitrary detention, summary execution and (on reconsideration) disappearance.",https://www.courtlistener.com/opinion/1874332/forti-v-suarez-mason/,,,,,,,,1,Added from the 2026-07 Legal Data Hunter enrichment (see enrichment/ folder)
us-xuncax-gramajo,Xuncax v. Gramajo / Ortiz v. Gramajo (US — Guatemala),886 F. Supp. 162,United States,"U.S. District Court, D. Massachusetts",1995-04-12,1995,Guatemala,Torture; Summary execution; Disappearance; Arbitrary detention (civil),ATS / TVPA (civil),civil,Default judgments (approx. $47.5 million),judgment_for_plaintiffs,No,English,,Default judgments against Guatemalan Defence Minister Héctor Gramajo in favour of Kanjobal Maya villagers and US nun Dianna Ortiz — command responsibility of a minister for atrocities by forces under his control.,Command responsibility under ATS/TVPA; service of process while the defendant studied in the US.,https://www.courtlistener.com/opinion/1477125/xuncax-v-gramajo/,,,,,,,,1,Added from the 2026-07 Legal Data Hunter enrichment (see enrichment/ folder)
us-doe-exxon,"Doe v. Exxon Mobil (US — Aceh, corporate)",393 F. Supp. 2d 20,United States,"U.S. District Court, District of Columbia",2005-10-14,2005,Indonesia,"Torture; Arbitrary detention (civil, corporate defendant)",ATS / TVPA (civil),civil,Two decades of litigation; settled 2023,settlement,Yes,English,,Acehnese villagers sued ExxonMobil over abuses by Indonesian security forces guarding the Arun gas field. The 2005 opinion let core claims proceed; after twenty years of litigation the case settled on the eve of trial in 2023 — a pillar of the corporate-accountability strand.,"Corporate exposure for security-force abuses; interplay of ATS, TVPA and state-law claims.",https://www.courtlistener.com/opinion/2455787/doe-v-exxon-mobil-corp/,,,,,,,,1,Added from the 2026-07 Legal Data Hunter enrichment (see enrichment/ folder)
us-sarei-rio-tinto,"Sarei v. Rio Tinto (US — Bougainville, corporate)",671 F.3d 736,United States,"U.S. Court of Appeals, Ninth Circuit (en banc)",2011-10-25,2011,Papua New Guinea,"Genocide; War crimes (civil, corporate defendant)",ATS (civil),civil,Genocide/war-crimes claims reinstated en banc; dismissed after Kiobel (2013),dismissed,Yes,English,,Bougainville islanders sued Rio Tinto over the deaths surrounding the Panguna mine blockade. The en banc Ninth Circuit reinstated the genocide and war-crimes claims before the case fell to Kiobel’s presumption against extraterritoriality.,Corporate ATS liability for genocide/war crimes (pre-Kiobel); exhaustion of local remedies.,https://www.courtlistener.com/opinion/616018/sarei-v-rio-tinto-plc/,,,,,,,,1,Added from the 2026-07 Legal Data Hunter enrichment (see enrichment/ folder)
southafrica-basson,S v. Basson (South Africa — Project Coast),CCT 30/03,South Africa,Constitutional Court of South Africa,2005-09-09,2005,South Africa / Namibia,Apartheid-era murder conspiracy abroad; war-related crimes,Territorial / extraterritorial conspiracy,criminal,Quashing of charges overturned; retrial ordered on the Namibia conspiracy counts,landmark_ruling,No,English,,"The Constitutional Court rulings in the prosecution of Dr Wouter Basson, head of the apartheid regime’s chemical and biological weapons programme (Project Coast): South African courts had jurisdiction over the conspiracy to murder SWAPO detainees in Namibia, with the Court invoking South Africa’s international-law duties to prosecute.",Jurisdiction over cross-border conspiracy; international-law duties inform domestic prosecution of apartheid-era crimes.,http://hdl.handle.net/20.500.12144/2185,,,,,,,,1,Added from the 2026-07 Legal Data Hunter enrichment (see enrichment/ folder)
israel-berenblat-kapo,Berenblat v. Attorney-General (Israel — kapo trials),Crim. A. 77/64,Israel,Supreme Court of Israel (Court of Criminal Appeal),1964-05-22,1964,Poland (occupied),Nazi and Nazi Collaborators (Punishment) Law offences,Retroactive extraterritorial statute,criminal,Conviction overturned on appeal,acquittal,No,Hebrew,,"Leading appeal in Israel’s kapo trials: Hirsch Berenblat, commander of the Jewish police in the Będzin ghetto, saw his conviction under the Nazi and Nazi Collaborators (Punishment) Law overturned — the Court cautioning against judging the conduct of persecuted functionaries by ordinary standards.",Limits of collaborator liability; evidentiary caution in atrocity trials of persecuted intermediaries.,https://versa.cardozo.yu.edu/opinions/berenblat-v-attorney-general-0,,,,,,,,1,Added from the 2026-07 Legal Data Hunter enrichment (see enrichment/ folder)
israel-pcati-targeted-killings,Public Committee Against Torture in Israel v. Government of Israel (targeted killings),HCJ 769/02,Israel,Supreme Court of Israel sitting as High Court of Justice,2006-12-14,2006,Israel / Occupied Palestinian Territory,Legality of targeted killings under IHL (judicial review),High Court of Justice review,civil,Framework set: no blanket legality or illegality; case-by-case IHL constraints,landmark_ruling,No,Hebrew,,"The targeted-killings judgment: a national supreme court defining the IHL rules — direct participation in hostilities, proportionality, investigation duties — that determine when a killing would amount to a war crime.",Civilians lose protection only for such time as they take direct part in hostilities; independent ex post investigation required.,https://versa.cardozo.yu.edu/opinions/public-committee-against-torture-v-government,,,,,,,,1,Added from the 2026-07 Legal Data Hunter enrichment (see enrichment/ folder)
colombia-c-080-18-jep,Sentencia C-080/18 (Colombia — constitutional review of the JEP statute),C-080/18,Colombia,Corte Constitucional de Colombia,2018-08-15,2018,Colombia,Framework for war crimes and crimes against humanity of the armed conflict,Territorial (transitional justice),constitutional,Statutory law of the JEP upheld with conditions,landmark_ruling,No,Spanish,,"The constitutional review of the JEP’s statutory law: no amnesty for international crimes, conditionality of benefits, and the architecture of victims’ participation in the transitional jurisdiction. Bridges the corpus’s national layer and the tribunals layer (JEP).",Amnesty limits for international crimes; victims’ rights as a constitutional axis of transitional justice; command responsibility standard.,https://www.corteconstitucional.gov.co/relatoria/2018/C-080-18.htm,,,,,,,,1,Added from the 2026-07 Legal Data Hunter enrichment (see enrichment/ folder)
france-barbie,Klaus Barbie (France — Lyon Gestapo chief),85-95.166,France,Cour d’assises du Rhône / Cour de cassation,1987-07-04,1987,France (occupied),"Crimes against humanity (deportations, the Izieu children, persecution of resistants)",Territorial,criminal,Life imprisonment (4 July 1987); pourvoi rejected 3 June 1988,conviction,No,French,,"The first French crimes-against-humanity trial: Klaus Barbie, head of the Lyon Gestapo, brought from Bolivia in 1983, was convicted in 1987. The Cour de cassation’s 20 Dec 1985 arrêt defined crimes against humanity as inhumane acts and persecutions committed in the name of a State practising a policy of ideological hegemony — extending protection to resistance members.",Definition of crimes against humanity (20 Dec 1985); imprescriptibility; male captus (disguised extradition) no bar to trial.,https://www.courdecassation.fr/decision/6079a8839ba5988459c4dbc0,,,,,,,,3,Added from the 2026-07 Legal Data Hunter enrichment (see enrichment/ folder)
france-touvier,"Paul Touvier (France — Milice de Lyon, Rillieux-la-Pape)",94-82.590,France,Cour d’assises des Yvelines / Cour de cassation,1994-04-20,1994,France (occupied),"Complicity in crimes against humanity (execution of seven Jewish hostages at Rillieux-la-Pape, 29 June 1944)",Territorial,criminal,Life imprisonment (20 April 1994); pourvoi rejected 1 June 1995,conviction,No,French,,"The first final French conviction of a Frenchman for complicity in crimes against humanity: Paul Touvier, intelligence chief of the Lyon Milice, for the Rillieux-la-Pape executions.",Complicity in CAH of a Vichy militia official acting in concert with the Gestapo (state practising a policy of ideological hegemony).,https://www.legifrance.gouv.fr/juri/id/JURITEXT000007065773,,,,,,,,2,Added from the 2026-07 Legal Data Hunter enrichment (see enrichment/ folder)
france-papon,Maurice Papon (France — Bordeaux deportations),96-84.822,France,Cour d’assises de la Gironde / Cour de cassation,1998-04-02,1998,France (occupied),"Complicity in crimes against humanity (arrests and internments preceding the deportation of Jews from Bordeaux, 1942-1944)",Territorial,criminal,10 years imprisonment (2 April 1998),conviction,No,French,,"Secretary-general of the Gironde prefecture under Vichy, later Paris police prefect and budget minister, Papon was convicted in 1998 for complicity in the deportation of Jews from Bordeaux — the trial of the French administration’s role in the Shoah.",Complicity in CAH does not require the accomplice’s adherence to the principal perpetrators’ ideology (Cass. crim. 23 Jan 1997).,https://www.legifrance.gouv.fr/juri/id/JURITEXT000007066186,,,,,,,,1,Added from the 2026-07 Legal Data Hunter enrichment (see enrichment/ folder)
germany-groening,Oskar Gröning (Germany — the “bookkeeper of Auschwitz”),3 StR 49/16,Germany,Landgericht Lüneburg / Bundesgerichtshof,2015-07-15,2015,Poland (occupied),"Accessory to murder in 300,000 cases (Auschwitz)",Active personality,criminal,"4 years imprisonment; revision dismissed (BGH, 20 Sept 2016); died 2018 before serving",conviction,No,German,,"SS bookkeeper at Auschwitz, convicted in 2015 as an accessory to murder for camp service during the Hungarian deportations. The BGH’s 2016 decision cemented the post-Demjanjuk doctrine: any function sustaining an extermination camp’s machinery grounds accessory liability.",Accessory to murder through service in an extermination camp (Leitsatz: “Beihilfe zum Mord durch Dienst im Konzentrationslager Auschwitz”).,https://www.rechtsprechung-im-internet.de/jportal/?quelle=jlink&docid=KORE301992016&psml=bsjrsprod.psml,,,,,,,,1,Added from the 2026-07 Legal Data Hunter enrichment (see enrichment/ folder)
germany-hanning,Reinhold Hanning (Germany — Auschwitz guard),4 Ks 45 Js 3/13-9/15,Germany,Landgericht Detmold,2016-06-17,2016,Poland (occupied),"Accessory to murder in 170,000 cases",Active personality,criminal,5 years imprisonment; died 2017 before the revision was decided,conviction,No,German,,"SS guard at Auschwitz I, convicted at 94 with numerous survivors as co-plaintiffs. The full judgment is published on the official NRW portal.",Camp-service accessory liability applied to guard duty (tateinheitliche Beihilfe zum Mord).,https://nrwe.justiz.nrw.de/lgs/detmold/lg_detmold/j2016/4_Ks_45_Js_3_13_9_15_Urteil_20160617.html,,,,,,,,1,Added from the 2026-07 Legal Data Hunter enrichment (see enrichment/ folder)
germany-furchner,Irmgard Furchner (Germany — Stutthof typist),5 StR 326/23,Germany,Landgericht Itzehoe / Bundesgerichtshof,2022-12-20,2022,Poland (occupied),"Accessory to murder in over 10,000 cases (juvenile law)",Active personality,criminal,"2-year suspended juvenile sentence; revision dismissed (BGH, 20 Aug 2024)",conviction,No,German,,"Typist to the Stutthof commandant, tried under juvenile law (aged 18-19 at the time), convicted in 2022. The BGH’s 2024 judgment — the first extending camp-service accessory liability to a civilian employee — is probably the last NS-crimes ruling ever.",Accessory liability of a civilian camp employee; the closing chapter of German NS prosecutions.,https://testphase.rechtsinformationen.bund.de/suche/KORE704742024,,,,,,,,1,Added from the 2026-07 Legal Data Hunter enrichment (see enrichment/ folder)
italy-priebke,Erich Priebke (Italy — Fosse Ardeatine massacre),sent. 298/2000,Italy,Tribunale militare di Roma / Corte militare di appello / Corte Costituzionale,1998-03-07,1998,Italy (occupied Rome),"War crimes (participation in the Ardeatine Caves massacre, 335 victims, 24 March 1944)","Territorial (after extradition from Argentina, 1995)",criminal,Life imprisonment (final 1998); constitutional amnesty challenge 2000,conviction,No,Italian,,Former SS captain extradited from Argentina in 1995 and finally sentenced to life for the Fosse Ardeatine massacre. The Corte Costituzionale ruled in 2000 on the 1953 amnesty raised in his proceedings — the constitutional layer of Italy’s late WWII prosecutions.,Imprescriptibility of war crimes; superior orders no defence; amnesty inapplicability.,https://www.cortecostituzionale.it/actionSchedaPronuncia.do?param_ecli=ECLI:IT:COST:2000:298,,,,,,,,1,Added from the 2026-07 Legal Data Hunter enrichment (see enrichment/ folder)
italy-sentenza-238-2014,Sentenza 238/2014 (Italy — state immunity vs. Nazi-era victims),sent. 238/2014,Italy,Corte Costituzionale,2014-10-22,2014,Italy / Germany (WWII deportation and forced labour),War crimes and crimes against humanity (civil reparations claims),Territorial civil jurisdiction (Ferrini doctrine),civil,ICJ immunity ruling denied effect in the Italian legal order,landmark_ruling,No,Italian,,"The Constitutional Court refused to give effect to the ICJ’s Jurisdictional Immunities judgment insofar as it denies victims of Nazi-era international crimes access to a judge — the most consequential national ruling on immunity versus victims’ rights, keeping the Ferrini line of civil claims against Germany alive.",Access to court (Arts. 2 and 24 Const.) as a supreme constitutional principle overriding customary state immunity for international crimes.,https://www.cortecostituzionale.it/actionSchedaPronuncia.do?param_ecli=ECLI:IT:COST:2014:238,,,,,,,,1,Added from the 2026-07 Legal Data Hunter enrichment (see enrichment/ folder)
canada-mugesera,"Mugesera v. Canada (Rwanda — incitement, removal)",2005 SCC 40,Canada,Supreme Court of Canada / Federal Court,2005-06-28,2005,Rwanda,"Incitement to genocide, murder and hatred; crimes against humanity (immigration law)",Immigration inadmissibility,civil,Removal upheld; deported to Rwanda January 2012,removal,No,English/French,,Léon Mugesera’s 1992 speech was held by the Supreme Court of Canada to constitute incitement to genocide and a crime against humanity for inadmissibility purposes — the leading national ruling on speech as an international crime outside the criminal process. The Federal Court line through his 2012 removal is on the official portal.,Speech as incitement to genocide and CAH; standard of “reasonable grounds to believe” in immigration proceedings.,https://decisions.fct-cf.gc.ca/fc-cf/decisions/en/item/60372/index.do,,,,,,,,2,Added from the 2026-07 Legal Data Hunter enrichment (see enrichment/ folder)
netherlands-van-anraat,Frans van Anraat (Netherlands — chemical precursors to Saddam’s Iraq),ECLI:NL:HR:2009:BG4822,Netherlands,Gerechtshof Den Haag / Hoge Raad,2007-05-09,2007,Iraq (Halabja and other Kurdish areas; Iran),Complicity in war crimes (supply of thiodiglycol for mustard gas); genocide complicity acquitted,Active personality,criminal,17 years imprisonment (16.5 after cassation),conviction,No,Dutch,,"Dutch businessman who supplied thousands of tonnes of thiodiglycol used for Iraqi mustard gas deployed against Kurdish civilians, including at Halabja. Convicted of complicity in war crimes; acquitted of genocide complicity for lack of proven knowledge of genocidal intent. The leading business-accessory case for international crimes.",Accessory liability of a supplier for war crimes; knowledge standards distinguishing war-crimes from genocide complicity.,https://uitspraken.rechtspraak.nl/details?id=ECLI:NL:HR:2009:BG4822,,,,,,,,1,Added from the 2026-07 Legal Data Hunter enrichment (see enrichment/ folder)
lithuania-drelingas,Stanislovas Drėlingas (Lithuania — genocide of partisans),2K-P-18-648/2016,Lithuania,Kaunas Regional Court / Lietuvos Aukščiausiasis Teismas,2016-04-12,2016,Lithuania (Soviet-occupied),Genocide (participation in the 1956 capture of partisan leader Adolfas Ramanauskas-Vanagas),Territorial (post-occupation genocide statute),criminal,5 years imprisonment; conviction upheld by the Supreme Court plenary,conviction,No,Lithuanian,,Former KGB officer convicted of genocide for his role in the capture of partisan leader Ramanauskas-Vanagas. The Supreme Court plenary held that the partisans and their supporters constituted a significant part of the Lithuanian national group — a holding the ECtHR upheld in Drėlingas v. Lithuania (2019).,National group “in part” may be defined through a politically salient subgroup (partisans); foreseeability of retroactive genocide liability.,https://liteko.teismai.lt/viesasprendimupaieska/paieska.aspx?detali=2&bnr=2K-P-18-648/2016,,,,,,,,2,Added from the 2026-07 Legal Data Hunter enrichment (see enrichment/ folder)
lithuania-vasiliauskas,Vytautas Vasiliauskas (Lithuania — genocide conviction quashed after Strasbourg),2A-P-8-788/2016,Lithuania,Lietuvos Aukščiausiasis Teismas (plenary),2016-10-27,2016,Lithuania (Soviet-occupied),Genocide (1953 killing of two partisans as MGB operative) — conviction annulled,Territorial (retroactive genocide statute),criminal,Conviction annulled and case discontinued (execution of the ECtHR Grand Chamber judgment),conviction_annulled,No,Lithuanian,,"After the ECtHR Grand Chamber found an Article 7 violation (Vasiliauskas v. Lithuania, 2015 — the 1953 conviction was not foreseeable as genocide), the Lithuanian Supreme Court plenary annulled the conviction and discontinued the case — the nullum-crimen counterpoint to Drėlingas.",Legality limits of retroactive genocide prosecution; execution of ECtHR judgments in reopened criminal cases.,https://liteko.teismai.lt/viesasprendimupaieska/paieska.aspx?detali=2&bnr=2A-P-8-788/2016,,,,,,,,1,Added from the 2026-07 Legal Data Hunter enrichment (see enrichment/ folder)
bangladesh-azharul-islam,A.T.M. Azharul Islam (Bangladesh — 1971 international crimes),ICT-BD Case No. 05/2013,Bangladesh,International Crimes Tribunal-1 / Supreme Court (Appellate Division),2019-10-31,2019,Bangladesh (1971 Liberation War),Genocide; Crimes against humanity (Rangpur),Territorial (International Crimes (Tribunals) Act 1973),criminal,"Death sentence upheld on appeal (2019); reported acquittal on review, May 2025 — verify",conviction,No,Bengali/English,,Jamaat-e-Islami leader convicted by the ICT-BD for 1971 atrocities in Rangpur; the Appellate Division dismissed his appeal in 2019 (official text in the Supreme Court bulletin). Reported acquitted on review in May 2025 after the change of government — a case now spanning both the accountability and reversal axes; verify the review judgment before relying on it.,Appellate review of ICT-BD convictions; standards of proof for 1971 atrocity crimes.,https://www.supremecourt.gov.bd/resources/bulletin/14_SCOB_AD_1.pdf,,,,,,,,1,Added from the 2026-07 Legal Data Hunter enrichment (see enrichment/ folder)
switzerland-soltani-algeria,"Bouguerra Soltani (Algeria — Switzerland, torture complaint)",,Switzerland,Swiss prosecution authorities,2009-01-01,2009,Algeria,"Torture (ordering, authorizing, inciting)",Universal jurisdiction (presence-based),criminal,Defendant fled to Algeria; no proceedings,fled,No,French,,"TRIAL International filed a criminal complaint in 2009 while Soltani — a leader of the Movement for the Society of Peace and former Algerian minister — attended an event in Switzerland; he immediately returned to Algeria and faced no judicial consequences. The living-with-impunity archetype, complementing the Nezzar case.",,https://trialinternational.org/latest-post/alleged-algerian-torturer-barely-escapes-swiss-justice/,,,,,,,,0,"Referenced in Bryce/Johns/Langer, LJIL 2025 (doi:10.1017/S0922156524000244) and/or Langer & Eason, EJIL 2019 (doi:10.1093/ejil/chz050); details to be re-verified against primary sources."
spain-rpf-40-officials,40 RPF officers & Rwandan officials (Spain — Judge Merelles indictment),Sumario 3/2008,Spain,"Juzgado Central de Instrucción No. 4, Audiencia Nacional",2008-02-06,2008,Rwanda / DRC,Genocide; Crimes against humanity; War crimes; Terrorism (1990s killings of Spanish nationals and Rwandan/Congolese civilians),Universal jurisdiction + passive personality (pre-2014 LOPJ),criminal,Indictment of 40 officials (2008); dismissed by the Supreme Court after the 2014 UJ reform (Oct 2015),dismissed,No,Spanish,,"Judge Fernando Andreu Merelles indicted 40 RPF officers and Rwandan officials for post-1994 crimes, including the killings of Spanish missionaries and aid workers. President Kagame condemned the case; after the 2014 rollback of Spanish universal jurisdiction, the Supreme Court dismissed it in October 2015 — the leading example of UJ against a sitting regime and of statutory rollback under diplomatic pressure.",,,,,,,,,,1,"Referenced in Bryce/Johns/Langer, LJIL 2025 (doi:10.1017/S0922156524000244) and/or Langer & Eason, EJIL 2019 (doi:10.1093/ejil/chz050); details to be re-verified against primary sources."
belgium-nkezabera,Ephrem Nkezabera — “the Genocide Banker” (Rwanda — Belgium),,Belgium,Cour d’assises de Bruxelles,2009-12-01,2009,Rwanda,War crimes (Rwanda 1994 — Interahamwe financier),Universal jurisdiction (1993/2003 Belgian regime),criminal,30 years imprisonment (1 Dec 2009); died in 2010 before the in-person retrial,conviction,No,French,,Banker and Interahamwe financier whose arrest was originally requested by the ICTR but who was tried in Belgium — convicted in absentia (illness) to 30 years in December 2009. Completes the Belgian Rwanda assize line.,,,,,,,,,,1,"Referenced in Bryce/Johns/Langer, LJIL 2025 (doi:10.1017/S0922156524000244) and/or Langer & Eason, EJIL 2019 (doi:10.1093/ejil/chz050); details to be re-verified against primary sources."
sweden-martinovic,"Milić Martinović (Kosovo — Sweden, acquittal on appeal)",B 5373-10,Sweden,Stockholms tingsrätt / Svea hovrätt,2012-01-20,2012,Kosovo (FRY),"War crimes (Ćuška massacre, 14 May 1999)",Universal jurisdiction,criminal,"Life imprisonment at trial (20 Jan 2012); acquitted on appeal (Svea hovrätt, 19 Dec 2012)",acquittal,No,Swedish,,"Former Serbian police officer convicted at first instance to life imprisonment for the Ćuška massacre, then fully acquitted on appeal — one of only two universal-jurisdiction convictions reversed on appeal in the Langer dataset, and a key due-process data point.",,,,,,,,,,1,"Referenced in Bryce/Johns/Langer, LJIL 2025 (doi:10.1017/S0922156524000244) and/or Langer & Eason, EJIL 2019 (doi:10.1093/ejil/chz050); details to be re-verified against primary sources."
sweden-makitan,"Ahmet Makitan (Bosnia — Sweden, Dretelj camp)",B 382-10,Sweden,Stockholms tingsrätt,2011-04-08,2011,Bosnia and Herzegovina,"War crimes; torture of Serb detainees (Dretelj camp, 1992)",Universal jurisdiction,criminal,Life imprisonment (8 April 2011),conviction,No,Swedish,Swedish National War Crimes Commission,"Guard at the Dretelj camp convicted of grave war crimes against Serb detainees — an investigation driven by Sweden’s national war-crimes unit, and the Swedish counterpart of Denmark’s Sarić case (same camp).",,,,,,,,,,1,"Referenced in Bryce/Johns/Langer, LJIL 2025 (doi:10.1017/S0922156524000244) and/or Langer & Eason, EJIL 2019 (doi:10.1093/ejil/chz050); details to be re-verified against primary sources."
finland-ammar-hilal,"Jebbar Salman Ammar & Hadi Habeeb Hilal (Iraq — Finland, social-media war crimes)",,Finland,Pirkanmaa District Court,2016-03-22,2016,Iraq,War crimes (outrages upon personal dignity documented in online postings),Universal jurisdiction,criminal,"Convictions (suspended sentences, 2016)",conviction,No,Finnish,,"Two Iraqi nationals convicted in Finland in 2016 for war crimes documented in photos/videos they had posted online — with Sweden’s Droubi and Sakhanh, the founding examples of open-source-evidence prosecutions.",,,,,,,,,,1,"Referenced in Bryce/Johns/Langer, LJIL 2025 (doi:10.1017/S0922156524000244) and/or Langer & Eason, EJIL 2019 (doi:10.1093/ejil/chz050); details to be re-verified against primary sources."
multi-demjanjuk,John (Ivan) Demjanjuk (US extradition → Israel acquittal → Germany conviction),Crim. App. 347/88 / 1 Ks 115 Js 12496/08,United States / Israel / Germany,US 6th Circuit / Supreme Court of Israel / Landgericht München II,1993-07-29,1993,Poland (occupied) — Treblinka / Sobibor,"Nazi and Nazi Collaborators (Punishment) Law offences; accessory to murder in 27,900 cases (Sobibor)",Extradition + retroactive extraterritorial statute (Israel); surrogate territorial/personality jurisdiction (Germany),criminal,"Israel: death sentence reversed — acquitted (1993); Germany: 5 years (2011), died pending appeal",acquittal_then_conviction,No,Hebrew/German/English,,"The three-jurisdiction saga: extradited from the US (Demjanjuk v. Petrovsky, 776 F.2d 571 (6th Cir. 1985), endorsing universal jurisdiction for Nazi crimes), sentenced to death in Israel as “Ivan the Terrible” of Treblinka, acquitted on identity doubt by the Israeli Supreme Court in 1993, and finally convicted by LG München II in 2011 as a Sobibor guard — the judgment that founded the modern German camp-service accessory doctrine (Gröning, Hanning, Furchner).",Wrongful-conviction prevention in atrocity trials (Israel 1993); the 2011 Munich doctrine of accessory liability through camp service.,,,,,,,,,3,"Referenced in Bryce/Johns/Langer, LJIL 2025 (doi:10.1017/S0922156524000244) and/or Langer & Eason, EJIL 2019 (doi:10.1093/ejil/chz050); details to be re-verified against primary sources."
spain-western-sahara-polisario,"Western Sahara complaints — Polisario Front / SADR officials (Spain, 2007)",,Spain,Audiencia Nacional,2007-01-01,2007,Western Sahara / Algeria (Tindouf camps),Genocide; Torture (complaints),Universal jurisdiction + passive personality,criminal,Complaint cluster (the 2007 spike in the Langer dataset); proceedings largely lapsed after the UJ reforms,complaint,No,Spanish,,"A 2007 campaign of complaints in Spain against members of the Polisario Front and SADR officials over alleged crimes in the Tindouf camps — the outlier spike of “living in fear” defendants in the Langer dataset, and a case study in autocracy-adjacent instrumentalisation of universal jurisdiction (Morocco context).",,,,,,,,,,0,"Referenced in Bryce/Johns/Langer, LJIL 2025 (doi:10.1017/S0922156524000244) and/or Langer & Eason, EJIL 2019 (doi:10.1093/ejil/chz050); details to be re-verified against primary sources."
